Date,1,2,3,4,5,6,7,8,9,10,11,12,13,14,15,16,17,18,19,20,21,22,23,24
2024-01-01,0,-2451,-4105,-4963,-4918,-4264,-3285,-2689,-2812,-4863,-6555,-8046,-8620,-7854,-5833,-3516,-941,2375,3692,3491,2748,1724,1530,1295
2024-01-02,0,-2310,-3527,-3937,-3129,-1052,3297,10287,19011,22510,22430,20468,17113,19404,20420,21012,21488,21240,19332,17205,14444,12132,12339,11537
2024-01-03,0,-2555,-4032,-4502,-4115,-2395,1173,6832,14539,17726,16839,14068,9690,13155,14441,14624,15580,15153,13527,11735,9083,6687,6381,5704
2024-01-04,0,-2485,-3712,-4283,-3769,-2135,1511,7563,14266,13926,10677,6919,2553,5112,6881,9125,11919,12679,11517,9916,7146,4739,4440,3769
2024-01-05,0,-2688,-4322,-4987,-4689,-3286,286,5558,12401,13325,11801,9123,4700,6466,7251,7697,8954,9111,8154,6747,4640,2659,2740,2277
2024-01-06,0,-2424,-3992,-4818,-4566,-3814,-2142,-664,37,-2642,-5715,-8468,-11122,-10088,-8094,-5469,-1959,737,2023,1634,810,-276,573,559
2024-01-07,0,-2496,-4108,-4935,-4678,-3960,-2848,-2126,-1700,-3246,-5671,-8593,-9800,-9066,-7217,-4162,388,4676,6596,6221,5233,3873,3615,3463
2024-01-08,0,-2378,-3387,-3796,-3216,-1137,3709,11224,19916,20075,16795,13145,8299,10830,12661,15305,19016,19962,18428,16172,13179,10339,10158,9398
2024-01-09,0,-2657,-4224,-5133,-4793,-3287,266,6256,14342,18046,18568,17542,13961,16423,16564,16119,15966,14484,12040,9519,6358,3725,3671,2950
2024-01-10,0,-2522,-3952,-4749,-4345,-2775,818,6477,14225,16227,14650,11303,6222,8444,9455,10701,12776,13127,11803,10053,7402,4922,4855,4110
2024-01-11,0,-2532,-3934,-4768,-4404,-2859,723,6323,13540,15164,13110,9654,3959,6871,8700,10538,12219,12159,10699,8718,5902,3389,3436,2667
2024-01-12,0,-2742,-4256,-4915,-4397,-2750,787,6131,12734,12393,8874,4635,-334,1795,3247,5647,8872,10125,9206,7648,5487,3443,3726,3357
2024-01-13,0,-2543,-4142,-5050,-4831,-4227,-2724,-1275,-655,-3528,-6558,-9474,-12410,-11930,-10764,-7862,-4128,-1026,663,263,-564,-1665,-668,-680
2024-01-14,0,-2513,-4093,-5031,-4919,-4159,-3039,-2204,-2843,-5756,-6942,-7552,-7216,-5694,-3222,-1551,-267,2073,3212,2707,1886,776,630,609
2024-01-15,0,-2088,-3040,-3335,-2467,-252,4438,11612,19703,19863,16998,13594,8876,11114,12562,14832,18491,19900,19046,17197,14391,11928,12124,11422
2024-01-16,0,-2233,-3540,-4298,-3914,-2141,1671,7663,14267,13365,10125,6677,2176,5437,7505,9182,11031,12021,11557,9762,6685,4050,3828,3098
2024-01-17,0,-2604,-4199,-5071,-4765,-3129,494,6144,13752,17115,17752,16707,13712,16584,17366,16822,16080,14034,11702,9416,6540,4048,3739,3057
2024-01-18,0,-2754,-4433,-5133,-4931,-3490,-83,4922,12273,15318,15437,13547,9754,12196,12314,11944,12255,11417,10240,8500,5954,3563,3585,2846
2024-01-19,0,-2706,-4344,-4999,-4686,-3185,261,5229,12373,14475,14033,12095,7710,9817,10770,11189,11513,10689,9465,7892,5624,3469,3540,2914
2024-01-20,0,-2633,-4290,-5179,-5214,-4465,-3101,-1699,364,2486,3922,3835,2076,2538,2434,2182,2045,2115,2465,1837,612,-617,-40,-209
2024-01-21,0,-2612,-4369,-5180,-5309,-4718,-3657,-2784,-2201,-2638,-3493,-4702,-4745,-2708,-1033,-149,1112,3401,4840,4373,3535,2545,2489,2321
2024-01-22,0,-2365,-3428,-3707,-2731,-144,4768,12006,20983,24160,23685,21590,17679,20544,21835,23068,24946,25123,23592,21335,18126,15074,14706,13970
2024-01-23,0,-2347,-3716,-4623,-4403,-2652,1297,7401,15355,16780,15672,14256,10419,13228,14619,15602,17349,17328,15592,13234,9694,6745,5707,5016
2024-01-24,0,-2540,-4246,-5093,-4986,-3595,52,6307,13882,14752,13115,10936,6229,8198,9037,10283,12898,13393,11782,9834,6862,3945,2906,2117
2024-01-25,0,-2266,-3703,-4478,-4334,-2742,1033,7357,14920,15106,12654,9229,4255,6066,6682,8263,11525,13040,12384,10478,7554,4606,4170,3386
2024-01-26,0,-2477,-4228,-4840,-4779,-3075,540,6446,13156,12675,9880,6512,1881,3995,5105,6474,8608,8905,8171,6593,4339,1925,1777,1341
2024-01-27,0,-2505,-4259,-5225,-5343,-4914,-3249,-1806,-902,-2975,-5909,-9130,-12396,-12029,-11283,-8580,-5143,-1954,154,-78,-1109,-2377,-1911,-2002
2024-01-28,0,-2484,-4337,-5155,-5034,-4286,-3211,-2403,-3001,-5981,-7831,-9292,-9737,-9637,-9166,-7059,-3236,1126,3927,3913,3200,1964,1738,1295
2024-01-29,0,-2260,-3267,-3597,-3144,-798,3926,11276,19565,19599,16157,12357,7235,9441,10543,12517,15786,17461,17456,15775,13036,10532,10276,9597
2024-01-30,0,-2339,-3872,-4356,-4017,-2283,1729,7766,14373,13317,9751,5824,759,3252,4950,6956,9112,9863,9914,8447,5954,3322,3226,2373
2024-01-31,0,-2471,-4135,-4903,-4870,-3423,122,5539,12434,13590,10436,5706,-960,366,1506,3388,6427,7708,8138,7381,5298,3281,3136,2156
2024-02-01,0,-2438,-3853,-4499,-4167,-2412,1363,6838,14051,16398,15991,13210,9089,12022,12671,12886,13230,12785,12199,10588,8023,5632,5253,4334
2024-02-02,0,-2606,-4133,-4881,-4413,-2689,1100,6450,13005,14059,12343,8654,3358,4957,5606,6479,8411,9526,9575,8467,6331,4198,3952,3621
2024-02-03,0,-2618,-4177,-5264,-5636,-5088,-3519,-2261,-404,419,651,-607,-2977,-2354,-1974,-1218,-671,-58,834,175,-969,-2059,-1785,-2069
2024-02-04,0,-2649,-4237,-4811,-4863,-4049,-3101,-2261,-2311,-4128,-5327,-7407,-7899,-6488,-4616,-2351,-389,2150,4057,3653,2802,1767,1462,1084
2024-02-05,0,-2302,-3370,-3780,-2914,-704,3534,10193,19095,23141,23781,22249,19152,21474,21960,21941,22172,20886,19671,17892,15178,12746,12263,11446
2024-02-06,0,-2532,-4036,-4745,-4237,-2515,1224,6752,14474,17315,17171,15421,11369,13646,14317,14111,14118,13137,12284,10736,7929,5469,5095,4659
2024-02-07,0,-2375,-4391,-5278,-5016,-3345,305,5589,11562,10980,8410,5372,1955,5160,6547,7576,9078,9394,9476,8645,6259,4104,3661,3248
2024-02-08,0,-2665,-4248,-4887,-4479,-2875,675,5777,10482,8523,4779,1052,-3786,-3104,-3316,-3187,-1796,241,2055,1927,876,-788,-495,-969
2024-02-09,0,-2883,-4924,-6085,-6444,-6109,-5637,-5858,-8074,-12363,-15242,-17446,-18471,-18510,-17638,-15425,-11669,-7065,-4093,-3755,-4145,-4698,-4713,-4459
2024-02-10,0,-2306,-3656,-4381,-4340,-3611,-2420,-1815,-4233,-9637,-13557,-15826,-16403,-15149,-13726,-11616,-8128,-3685,-567,2,206,204,897,1518
2024-02-11,0,-2138,-3475,-4180,-4113,-3386,-2478,-1981,-3284,-6502,-8100,-9276,-9200,-9301,-9250,-7241,-3830,391,3437,3679,3205,2489,2733,2972
2024-02-12,0,-2234,-3603,-4193,-3980,-3032,-1751,-631,-1636,-5662,-8155,-10146,-11923,-11842,-10627,-8080,-3587,1506,5282,5871,5413,4344,4136,3703
2024-02-13,0,-2332,-3544,-4027,-3323,-1231,2966,9139,15470,14999,11936,8627,4578,6268,7045,8385,11235,13296,14418,14004,11856,9887,9522,8763
2024-02-14,0,-2325,-3777,-4470,-4029,-2305,1184,6132,12680,14605,13427,10963,6926,8153,7493,7475,8593,9414,10287,9663,7626,5649,5219,4110
2024-02-15,0,-2528,-3822,-4442,-4144,-2528,849,5403,11443,13847,14624,14880,13251,16890,17220,15455,14212,14286,14299,13095,10614,8226,7856,7196
2024-02-16,0,-2440,-3825,-4482,-3921,-2152,1388,6261,10995,9117,5810,2627,-2040,-373,311,1519,4318,6672,7878,7710,5993,3923,3705,3121
2024-02-17,0,-2568,-3936,-4805,-4509,-3650,-2192,-1212,-2002,-5001,-7489,-10851,-14417,-14182,-13407,-11524,-8001,-3958,-923,-276,-911,-1822,-1551,-1742
2024-02-18,0,-2258,-3592,-4363,-4135,-3196,-2204,-1857,-2749,-3656,-3747,-3415,-2434,-964,-507,90,969,2529,3866,3890,2834,1735,1178,467
2024-02-19,0,-2444,-3818,-4362,-3724,-1583,2670,8484,16243,19456,19936,18359,15258,17610,18076,17845,18147,17078,16240,15182,12639,10520,10641,9507
2024-02-20,0,-2440,-3709,-4193,-3657,-1938,1788,6823,13835,16663,17205,16706,14145,17244,17500,16836,16173,14107,12932,11392,8892,6529,6181,5149
2024-02-21,0,-2521,-3777,-4429,-3922,-2257,1300,6204,13785,16909,18023,17683,14873,17790,17933,17580,16833,14470,12869,11467,9082,6813,6778,6034
2024-02-22,0,-2608,-3961,-4608,-4248,-2630,921,5955,13041,16895,18228,17717,14318,16386,16574,16351,16078,14069,12751,11122,8217,5686,5278,4394
2024-02-23,0,-2549,-4110,-4977,-4642,-3045,237,5421,12490,14693,13318,10493,6569,8974,9902,10293,10259,8937,8512,7498,5075,3136,2833,2253
2024-02-24,0,-2444,-4098,-4926,-4793,-4055,-2702,-1601,-626,-945,-1557,-3898,-5659,-4603,-3066,-1616,-821,-128,1062,848,-108,-1089,-701,-1004
2024-02-25,0,-2278,-3956,-4935,-4846,-4320,-3414,-2922,-2384,-2127,-2095,-3414,-4389,-4120,-3894,-3243,-1959,249,2719,3024,2230,1435,1138,897
2024-02-26,0,-2131,-3246,-3595,-2894,-943,3567,9835,15965,15407,12513,8954,5616,8812,10616,11876,13625,14726,15787,15190,12758,10540,10268,9493
2024-02-27,0,-2316,-3729,-4440,-3886,-2118,1551,6354,11415,11172,8847,6158,2663,4831,5344,5932,7535,8599,9705,9428,6869,4643,4289,3375
2024-02-28,0,-2383,-3891,-4366,-3869,-2168,1472,6103,10459,9957,7197,3961,-280,2412,4137,5648,7181,8079,8954,8646,6586,4525,4035,3292
2024-02-29,0,-2270,-3574,-4213,-3779,-2201,1080,5691,12370,15124,15682,14414,11199,13250,13187,11881,11170,9954,9737,9130,7028,5296,5772,5751
2024-03-01,0,-2539,-4038,-4826,-4531,-3556,-2080,-1281,-3015,-6756,-8580,-10839,-13395,-12036,-10450,-7940,-4085,361,4033,4996,4080,2591,2160,1956
2024-03-02,0,-2357,-3840,-4714,-4526,-3696,-2266,-1697,-4179,-7685,-9551,-11404,-12845,-12397,-11429,-9370,-6151,-2018,1153,1787,870,-376,-304,-371
2024-03-03,0,-2492,-4255,-5128,-4926,-4180,-3354,-3118,-4605,-6631,-7850,-8996,-9416,-8659,-8344,-7256,-4604,-919,2452,3376,2728,1711,1184,731
2024-03-04,0,-2303,-3411,-3697,-2872,-576,4276,11369,17543,17334,13799,8836,5308,8578,11127,13675,15195,15120,15677,14613,12040,9655,8943,7795
2024-03-05,0,-2244,-3558,-3936,-3392,-1526,2348,8333,15482,18437,18904,17214,14131,16519,16759,16063,15714,14238,13771,12253,9393,7060,6239,5240
2024-03-06,0,-2348,-3566,-4092,-3528,-1831,2064,7307,11524,10626,8252,5199,1909,5359,7243,7772,9175,9717,10789,10291,8022,5847,4894,3940
2024-03-07,0,-2393,-3807,-4325,-3458,-1682,2054,7638,12812,13454,12138,8976,4849,5864,6506,7309,9254,10691,12430,11898,9269,6979,6468,5651
2024-03-08,0,-2721,-4047,-4764,-4295,-2637,1054,6025,8694,6966,3820,-299,-4386,-2510,-1457,523,4056,6888,8739,8447,6328,4366,3822,3209
2024-03-09,0,-2561,-4070,-4871,-4696,-3789,-2356,-2327,-5120,-7998,-10220,-12893,-15259,-14880,-14022,-12570,-9109,-4810,-951,226,-497,-1290,-1064,-1239
2024-03-10,0,-2433,-3886,-4434,-4296,-3500,-2591,-3329,-7184,-10830,-12411,-14456,-16027,-16107,-15282,-13130,-8631,-3051,1208,2893,2355,1702,1229,452
2024-03-11,0,-2358,-3474,-3699,-2922,-444,4159,10007,15360,16822,16477,15083,13109,16406,16625,16180,15954,15552,16295,15466,12821,10599,10096,9260
2024-03-12,0,-2447,-3707,-4275,-3627,-1738,1836,7056,12712,14686,13932,11331,8594,10677,10829,10542,11283,11043,11691,10718,8278,5981,5343,4621
2024-03-13,0,-2286,-3542,-4003,-3326,-1385,2407,6906,9594,7350,3230,-907,-5393,-3612,-2374,-475,3197,5540,8095,8305,6329,4470,3962,3480
2024-03-14,0,-2319,-3637,-4083,-3492,-1646,2160,6261,9201,7350,3871,-590,-5300,-3786,-2656,-938,2600,5339,7930,8437,6741,4454,3792,2698
2024-03-15,0,-2372,-3529,-3983,-3346,-1512,2107,5854,7714,5450,1700,-2379,-6339,-4415,-3174,-1740,1647,4055,6366,6817,5401,3774,3240,2482
2024-03-16,0,-2403,-3760,-4566,-4363,-3235,-1861,-2129,-4661,-7184,-9946,-12683,-14954,-13614,-11162,-7847,-5062,-2867,-447,391,-394,-1399,-1465,-2218
2024-03-17,0,-2300,-3628,-4274,-4060,-3107,-2142,-2000,-2764,-4463,-6828,-9409,-11112,-11485,-10444,-7400,-3784,201,4145,5653,5218,4352,3705,2966
2024-03-18,0,-2351,-3214,-3414,-2368,165,4695,9631,12662,11482,8465,4337,243,2243,3819,6231,10525,13533,15257,15237,13068,11057,10346,8740
2024-03-19,0,-2233,-3530,-3982,-3347,-1435,1991,7075,12187,11311,8880,7490,5104,7748,7595,6245,8172,9697,11472,11372,9153,7170,6524,5563
2024-03-20,0,-2439,-3640,-4019,-3327,-1595,2183,6163,8754,7337,4598,1522,-1931,-167,595,1998,4722,7354,9435,9597,7806,5949,5350,4304
2024-03-21,0,-2382,-3610,-4001,-3426,-1496,2092,5513,7086,5632,2706,-1301,-5688,-3435,-2191,-455,2427,5586,8451,9065,7003,4825,4091,2800
2024-03-22,0,-2508,-3834,-4415,-3815,-2074,1278,4906,7016,5706,2454,-459,-3003,763,4101,7185,8342,7945,7667,7073,5106,3239,2979,2054
2024-03-23,0,-2572,-4152,-4700,-4555,-3712,-2640,-2711,-3902,-6650,-9803,-12413,-14690,-13829,-12463,-10054,-6996,-3971,-892,609,-22,-826,-804,-1536
2024-03-24,0,-2464,-3791,-4452,-4347,-3364,-2582,-2855,-3506,-4041,-4398,-4146,-4979,-5434,-5590,-4337,-2184,713,3266,4660,4024,3115,2444,1472
2024-03-25,0,-2160,-3232,-3350,-2475,-245,3451,9186,15141,16918,17557,17742,16448,18539,19248,19318,19584,18832,18439,17488,14757,12659,11878,10727
2024-03-26,0,-2223,-3371,-3712,-3112,-1262,2182,7923,13393,13891,12760,8982,4519,5596,6176,7061,8416,8992,10536,10718,8567,6709,6147,5024
2024-03-27,0,-2385,-3689,-4228,-3580,-1688,1482,5294,8058,6323,2033,-1486,-4281,-958,1775,3524,5606,6574,8125,8619,6789,4727,4092,2675
2024-03-28,0,-2429,-3510,-3954,-3488,-1786,1106,6393,12625,15409,15953,14571,11954,14038,14143,13758,13582,12186,11953,11273,8758,6718,6224,5017
2024-03-29,0,-2391,-3758,-4365,-3983,-2228,839,4083,6164,6499,6187,6125,5953,8844,8759,6520,5653,5396,6738,7444,5883,4110,3800,2766
2024-03-30,0,-2339,-3806,-4404,-4152,-3300,-2588,-3780,-6475,-7520,-7481,-7975,-10131,-9478,-7676,-6294,-4841,-3357,-1447,219,-258,-1074,-1004,-1569
2024-03-31,0,-2321,-3638,-4239,-4015,-3068,-2491,-4266,-8006,-10863,-12618,-13708,-13814,-12144,-9602,-7545,-6022,-2302,1292,3343,2781,1836,1386,259
2024-04-01,0,-1827,-2821,-3145,-2348,-34,3781,7208,9173,8197,6049,2892,-261,2094,3554,5555,8774,11798,14125,14848,13379,11645,11033,9426
2024-04-02,0,-1976,-3156,-3583,-3045,-1452,1128,4189,6136,4783,3053,113,-2531,75,1806,4249,6367,7645,9124,9634,7898,6039,5191,3355
2024-04-03,0,-2105,-3076,-3462,-3159,-1459,1339,6169,11097,13226,13696,12228,9673,11525,11986,11969,12164,10995,11007,10838,8828,7027,6169,4656
2024-04-04,0,-2213,-3390,-3764,-3332,-1960,950,4800,8730,9103,8486,7106,4570,6483,6976,7648,9006,8863,9540,9825,8040,6057,5087,3383
2024-04-05,0,-2233,-3320,-3836,-3232,-1759,981,4293,7278,6556,4748,1151,-3163,-1620,-334,905,2908,4509,6819,8096,6587,4830,4121,2725
2024-04-06,0,-2165,-3447,-4165,-3956,-2945,-2224,-3065,-3981,-4763,-4524,-5676,-6857,-5717,-6949,-7577,-6578,-3794,-406,2110,1850,963,707,-293
2024-04-07,0,-2267,-3349,-3816,-3684,-2894,-2603,-4511,-8161,-10709,-12164,-13141,-12975,-12113,-11100,-9000,-5413,-1126,2347,4474,4377,3238,2393,854
2024-04-08,0,-1997,-2897,-3192,-2426,-569,3100,6927,9801,10408,10426,9691,7832,10976,12613,13477,14787,15103,16135,16481,14318,12369,11366,9481
2024-04-09,0,-1919,-2812,-3185,-2830,-1216,1483,3782,5167,3964,1618,-1471,-4422,-2026,-320,1756,4978,7016,9260,10431,8744,7033,6229,4809
2024-04-10,0,-1967,-3106,-3723,-3414,-2584,-1929,-2581,-4119,-6107,-7244,-8592,-10134,-9087,-7402,-6235,-3554,-282,2911,4877,4408,3155,1841,429
2024-04-11,0,-1841,-3126,-3420,-2635,-1136,1854,5793,9631,9523,8217,5269,2266,4206,5352,6208,7972,9106,11252,12178,10514,8632,7088,5701
2024-04-12,0,-1904,-2653,-3184,-2771,-1392,844,2646,3264,1978,-135,-2794,-5258,-1982,47,2040,4789,6276,7821,8875,7536,5724,4968,3355
2024-04-13,0,-2154,-3244,-3602,-3170,-2739,-2288,-3768,-6842,-8876,-10312,-11569,-12807,-11269,-10012,-7791,-4985,-1816,897,2715,2382,1175,950,-364
2024-04-14,0,-2017,-2994,-3731,-3808,-3077,-2865,-4890,-8024,-9860,-10715,-10832,-10741,-8993,-7176,-4614,-2086,1045,4133,6160,5683,4556,3147,1564
2024-04-15,0,-1985,-2714,-3169,-2676,-1021,2473,8173,14624,17505,17990,16672,14462,16861,17517,17349,17476,17007,17143,16781,14368,12236,11241,9261
2024-04-16,0,-1758,-2602,-3140,-2736,-1396,1301,5440,9038,9377,7507,3455,-1272,39,817,2270,5473,8130,10415,11218,9558,7475,6319,4383
2024-04-17,0,-1923,-3028,-3520,-2811,-1721,419,2681,3798,2445,319,-2470,-4731,-1524,634,3331,5495,6802,8616,9537,7963,6491,5342,3371
2024-04-18,0,-1833,-2954,-3398,-2939,-1607,647,2108,2737,1669,150,-2122,-4646,-1600,537,2811,5768,7793,9686,10512,8702,6691,5619,3590
2024-04-19,0,-1835,-2851,-3456,-3268,-2212,-203,1220,2050,1277,-281,-2437,-4611,-1659,577,2871,5440,6760,8236,9075,7550,5764,5024,3370
2024-04-20,0,-1983,-3104,-3881,-3879,-3505,-2460,-1172,813,2465,2726,2210,965,1496,2055,2047,2075,2219,3024,3668,3076,1806,1678,701
2024-04-21,0,-2181,-3439,-4003,-4002,-3535,-2865,-2371,-1940,-1650,-1545,-1561,-1085,-90,337,665,1294,2460,3851,4622,3999,2691,1432,-69
2024-04-22,0,-1685,-2777,-3067,-2464,-776,2583,7228,11912,13309,12658,10421,7461,9639,10989,11903,13625,14334,15787,16169,14493,12488,11258,9227
2024-04-23,0,-2112,-3237,-3810,-3498,-2364,-50,1624,2283,1782,512,-969,-2137,2609,6433,9103,10339,10526,10764,10848,8934,6844,5730,4001
2024-04-24,0,-2189,-3269,-3377,-3059,-1903,1334,4856,7996,9101,7158,4216,1220,3727,4742,4867,6280,7055,8736,10004,8659,6899,5940,4109
2024-04-25,0,-1978,-3079,-3287,-2814,-1603,777,2766,4364,3758,1653,-2053,-5690,-2969,-810,1401,4435,7011,9093,10172,8716,6796,5704,3543
2024-04-26,0,-1933,-2959,-3057,-2642,-1472,781,2970,4426,4227,2667,85,-2180,904,2945,3822,5848,6479,7701,8988,7942,6047,5393,3611
2024-04-27,0,-1907,-3150,-3978,-4197,-3756,-3698,-5765,-8245,-10237,-11382,-12636,-13948,-12482,-10843,-8725,-5765,-2730,178,2050,1808,520,-82,-1353
2024-04-28,0,-2002,-3183,-3779,-3752,-3518,-3861,-5645,-7592,-9357,-10297,-10871,-10800,-9392,-7803,-5427,-1836,1647,4402,6420,6170,4695,3304,1679
2024-04-29,0,-1705,-2691,-2841,-2473,-864,2579,7586,12663,14594,14889,14119,12143,15166,16257,16103,16320,16258,16924,16900,14964,12651,11367,9437
2024-04-30,0,-1951,-2854,-3341,-3006,-2180,-5,2769,5797,6318,5345,3310,575,2919,5349,7754,9214,9209,9727,10028,8683,6695,5659,3962
2024-05-01,0,-2062,-3126,-3801,-3994,-3651,-2925,-2215,-2268,-3532,-4834,-6977,-7936,-6354,-5390,-4241,-2573,-280,2653,4335,3990,2525,1879,121
2024-05-02,0,-1773,-2677,-3163,-2778,-1628,603,2639,4196,3892,2584,368,-2117,1027,3301,5497,8598,10517,12524,13581,12149,10049,8567,6370
2024-05-03,0,-1941,-2921,-3464,-3282,-2339,-414,433,921,633,-471,-2462,-4624,-1528,511,2601,5719,7418,8857,9523,8522,6560,5429,3477
2024-05-04,0,-2258,-3549,-4274,-4367,-4142,-4247,-6312,-8418,-9759,-10073,-11125,-11878,-10040,-8442,-6436,-3666,-1292,724,2237,2114,963,193,-1261
2024-05-05,0,-1857,-3020,-3539,-3589,-3379,-2378,-1442,-188,628,1541,1827,1809,2234,2189,2473,3032,4256,5316,5942,5713,4595,3567,2186
2024-05-06,0,-1767,-2860,-3356,-3156,-2358,-1020,606,2801,3970,4242,3748,2614,3717,4621,5602,6468,7494,8707,9687,9384,7970,6557,4764
2024-05-07,0,-1977,-2951,-3421,-2983,-1596,1875,6753,11909,13780,14057,13140,11130,13943,14502,14941,15662,15124,15232,14740,13109,11124,10007,7986
2024-05-08,0,-2062,-3244,-3730,-3371,-2418,-371,1340,2311,1900,958,-1273,-4068,-1252,569,1893,3938,5498,7302,8484,8078,6509,5487,3579
2024-05-09,0,-1972,-3072,-3666,-3513,-2596,-849,245,1084,654,-412,-2868,-5489,-2512,-165,2047,4835,7168,9304,10184,8960,6937,5802,3840
2024-05-10,0,-1856,-2992,-3541,-3438,-2537,-921,165,1013,413,-656,-2932,-5316,-2287,-346,1716,5204,6808,8392,9064,8236,6396,5451,3665
2024-05-11,0,-2110,-3215,-3925,-4005,-3866,-3981,-5117,-5746,-5203,-4932,-5237,-5602,-2282,-447,601,1568,2253,3016,3837,3363,1966,1211,-256
2024-05-12,0,-1888,-3079,-3973,-4044,-4075,-4057,-5589,-8117,-10032,-11083,-11467,-11431,-10707,-9656,-7219,-4197,-690,2056,4161,4452,3266,1954,204
2024-05-13,0,-1654,-2711,-2824,-2496,-1089,1220,3426,5512,5709,4800,2854,681,3795,6206,8325,11296,13576,15788,16205,15022,12813,11528,9505
2024-05-14,0,-1874,-2774,-3398,-3201,-2112,-506,533,1531,1225,136,-1688,-4193,-869,1212,3205,6085,8102,9993,10622,9463,7935,6564,4672
2024-05-15,0,-1944,-3147,-3831,-3868,-3651,-3476,-4667,-5351,-5891,-5959,-6342,-7111,-3404,-268,2393,4075,4244,4863,5444,5088,3671,2042,340
2024-05-16,0,-1699,-2575,-3090,-2890,-1999,212,1943,3471,3155,1468,-1509,-4286,-1413,531,2755,6118,8633,11129,12080,11167,9094,7890,5990
2024-05-17,0,-1817,-2772,-3393,-3240,-2453,-1001,845,2331,1719,296,-1802,-4052,-1062,608,2305,4904,6418,8160,8832,7841,6017,5147,3312
2024-05-18,0,-2115,-3340,-4092,-4136,-4111,-4171,-5635,-7428,-8479,-8926,-10012,-11245,-9898,-8461,-6558,-3615,-622,2030,3508,3658,2259,1493,-421
2024-05-19,0,-2121,-3431,-3951,-3913,-3601,-3550,-5607,-8019,-9279,-9363,-9763,-9687,-8886,-7766,-5401,-1743,2304,5319,7240,7433,5825,4130,2127
2024-05-20,0,-1779,-2655,-3078,-2848,-1720,1043,5340,9625,10905,10536,9432,7415,9906,11646,13304,15655,16585,17851,18046,16369,13847,12218,9799
2024-05-21,0,-1775,-2880,-3500,-3494,-2668,-331,2801,6302,6821,5447,2418,-554,2604,4403,6455,9305,10864,12186,12206,10636,7985,6040,3718
2024-05-22,0,-1914,-2825,-2879,-2956,-2318,-461,2308,4493,4358,3297,1413,-514,3344,5693,7662,9828,10629,11723,12126,10842,8537,6800,4262
2024-05-23,0,-1720,-2876,-3453,-3411,-2670,-736,1402,3887,4084,3747,2051,-171,3063,5074,6914,9695,11465,12821,12876,11126,8508,6608,4296
2024-05-24,0,-1990,-3128,-3761,-3829,-3240,-1122,1606,4269,4598,3860,2062,37,3311,5240,6984,9099,9276,9749,9984,8716,6395,4819,2507
2024-05-25,0,-2003,-3327,-4299,-4555,-4657,-4077,-3717,-3541,-3745,-4347,-5275,-6381,-4699,-3804,-2812,-1416,68,1880,3479,3461,2091,1130,-634
2024-05-26,0,-1946,-3339,-4073,-4278,-4351,-4667,-5849,-6898,-6712,-6019,-5188,-3152,-836,904,2442,3738,5357,6505,7174,6955,5298,3832,1941
2024-05-27,0,-1839,-2992,-3281,-2897,-1695,679,3232,6061,6930,7064,6180,4053,7338,10076,12003,13996,14727,15389,15720,14495,12284,10804,8371
2024-05-28,0,-1791,-2674,-3092,-3004,-2340,-468,1572,3342,3791,3364,2627,1006,4972,6702,8035,10152,11307,12584,12768,11409,8988,6964,4171
2024-05-29,0,-1739,-2877,-3565,-3508,-2812,-982,652,2941,3727,3521,2077,-10,4036,6161,7783,10228,11265,12458,12525,10995,8547,6381,3774
2024-05-30,0,-1904,-2891,-3542,-3519,-2796,-244,3317,6874,7814,8364,7433,5666,9666,10782,12566,13259,12422,12328,12177,10332,7966,6272,3848
2024-05-31,0,-1908,-2997,-3633,-3601,-2919,-951,1316,3724,4258,2983,988,-1630,1621,3637,5340,7761,8987,9902,9996,9014,6939,5681,3641
2024-06-01,0,-1990,-3307,-4166,-4488,-4549,-4159,-4357,-5286,-5392,-6114,-7386,-8991,-8399,-7749,-6492,-4324,-1752,987,2178,2612,1323,960,-552
2024-06-02,0,-2320,-3900,-4561,-4776,-4989,-5364,-6525,-8456,-10013,-10110,-10034,-9748,-8480,-6684,-4730,-1589,1297,3824,5367,5891,4467,2898,928
2024-06-03,0,-1642,-2628,-3052,-2802,-1400,1258,4130,7479,8837,8552,7084,5077,8559,11008,12854,15431,16696,17839,17694,16124,13643,11925,9531
2024-06-04,0,-1806,-3024,-3656,-3698,-3012,-1126,863,3412,4419,4229,2251,-592,3077,5272,7189,10133,11650,12788,12874,11464,8762,7169,4579
2024-06-05,0,-1889,-2989,-3677,-3713,-3126,-1307,875,3437,4773,5107,4065,2318,6565,8913,10367,12190,11949,11693,11549,10306,7801,6448,4311
2024-06-06,0,-2026,-3220,-4079,-4275,-4238,-3584,-2850,-1778,-1613,-1649,-2040,-2849,-714,300,2153,3762,5107,6946,7902,7805,5893,3843,1291
2024-06-07,0,-1800,-2973,-3512,-3511,-3013,-1463,534,3335,4555,5296,5394,3926,7261,9766,10738,12300,12280,12309,12050,10827,8237,6772,4548
2024-06-08,0,-2275,-3595,-4278,-4620,-4477,-3512,-2267,-330,1908,3211,3003,1318,803,207,31,854,2015,3389,4331,4378,2684,1782,110
2024-06-09,0,-2035,-3156,-4008,-4370,-4382,-4229,-4533,-5336,-5594,-5391,-5685,-6340,-5785,-4870,-3215,-428,3422,6593,7852,8008,6536,4425,2253
2024-06-10,0,-1992,-2996,-3551,-3234,-2126,573,4654,9395,11453,11644,10667,9131,12965,15595,17652,19710,18833,19405,20035,18675,15629,13312,10488
2024-06-11,0,-1987,-3201,-4032,-4237,-3741,-1426,1643,5709,7851,7870,6863,4719,8793,11506,13394,15477,14839,14542,15002,13352,10059,7575,4478
2024-06-12,0,-2156,-3495,-4259,-4254,-3627,-1605,1232,5036,6973,7157,5942,4419,8348,10815,12645,14770,15200,14925,14437,12924,9985,7778,4838
2024-06-13,0,-2142,-3449,-4448,-4544,-3964,-1881,1005,5138,7760,8231,7411,5438,9249,11350,12945,15585,16321,16450,15817,13950,10665,7974,4884
2024-06-14,0,-2351,-3712,-4695,-4841,-4232,-2144,814,5292,8181,8896,8471,7332,10885,12931,14092,15379,14718,14154,13534,12365,9367,7499,4647
2024-06-15,0,-2451,-4128,-5253,-5698,-5879,-5409,-5467,-5105,-3780,-2145,-1181,-1447,78,48,569,1947,3264,4434,5296,5061,2784,1499,-795
2024-06-16,0,-2311,-3801,-4833,-5252,-5446,-5325,-6334,-7627,-7893,-7538,-7746,-7265,-5887,-4708,-3050,-57,3487,6237,7183,7201,5229,3013,499
2024-06-17,0,-2157,-3187,-3671,-3662,-2620,176,4794,10831,14152,15534,14894,13561,17915,19222,19722,20218,19451,19307,18991,17262,14235,12054,9202
2024-06-18,0,-2062,-3284,-3973,-4086,-3444,-1274,1530,5457,7818,8357,7442,5760,9541,12021,13898,16501,17369,18027,17153,15094,11838,9402,6158
2024-06-19,0,-2119,-3576,-4430,-4646,-4122,-1930,1484,6426,9475,10436,9766,8189,12128,14386,16235,19189,19455,19200,18704,16611,12869,9634,6023
2024-06-20,0,-2542,-4262,-5274,-5519,-4870,-2347,1666,7711,11919,13975,13920,12198,15672,16869,17147,17854,16643,15924,15245,13298,9992,7303,3876
2024-06-21,0,-2498,-3966,-4881,-5048,-4445,-2284,1183,5595,8869,10167,9278,7995,11472,13520,15177,16393,15423,15389,15040,13529,10258,7955,5035
2024-06-22,0,-2567,-4224,-5336,-5858,-6001,-4762,-2816,97,3844,5599,5797,5010,5398,5254,4695,4425,4271,4715,4945,4782,2856,1415,-1010
2024-06-23,0,-2370,-3940,-5177,-5559,-5545,-4646,-3501,-2222,-175,1346,1736,1707,1111,331,841,2431,5259,7568,8779,8892,6625,4191,1178
2024-06-24,0,-1969,-3224,-3792,-3743,-2465,1308,7175,14172,17641,18294,16940,14388,17268,18253,19164,21078,20745,19934,19204,17050,13667,11674,8608
2024-06-25,0,-2148,-3455,-4305,-4562,-4022,-1944,1279,5843,8209,8075,6911,4690,7833,9245,9875,12100,12637,13051,12912,11408,8630,6613,3645
2024-06-26,0,-2187,-3428,-4308,-4445,-3902,-1794,1484,5706,7789,8110,6566,4544,7746,9639,11035,12984,14115,15093,14860,13279,10125,7689,4504
2024-06-27,0,-2135,-3528,-4214,-4323,-3868,-1628,2547,8198,12027,13753,13101,11980,15255,16067,16092,16282,14890,14604,14121,12571,9413,7127,3958
2024-06-28,0,-2068,-3564,-4432,-4649,-4074,-1868,1140,5299,7646,8327,7407,5637,8992,10978,12476,14610,14807,15064,14490,12904,9999,7745,4829
2024-06-29,0,-2405,-4178,-5265,-5646,-6028,-5508,-5133,-3886,-1266,1574,2444,1874,4295,6542,7195,7745,7902,8154,8134,7224,4994,3506,1249
2024-06-30,0,-2458,-3983,-4836,-5313,-5302,-4148,-2552,-770,1242,2246,2280,2297,2532,2406,2657,3521,5267,7004,7891,7831,5716,3252,361
2024-07-01,0,-2097,-3205,-3877,-3697,-2318,1066,6448,12803,16019,16260,14948,13233,16727,18711,20229,22259,22768,23259,22837,20746,17178,14763,11405
2024-07-02,0,-2385,-3780,-4676,-4590,-3616,-117,5900,12790,16869,17718,15794,12766,15271,16263,16294,16706,15679,15287,14604,12746,9800,8009,4983
2024-07-03,0,-2165,-3618,-4416,-4482,-3816,-484,4802,10630,13302,12894,11360,9080,11170,12259,12823,14698,14537,14710,14854,13299,10005,7408,4037
2024-07-04,0,-2166,-3528,-4591,-4608,-4055,-1333,2681,7419,9855,10270,9471,7881,12003,15046,16639,18711,18845,19395,19150,17588,14033,10799,7201
2024-07-05,0,-2807,-4671,-6020,-6407,-5873,-2784,1690,6876,9597,9100,6856,4443,7036,8598,9799,12019,12091,12141,11928,10501,7473,5055,1987
2024-07-06,0,-2477,-4274,-5258,-5749,-6011,-5348,-4500,-2280,99,1435,2285,2660,4161,5462,6351,7138,7593,8923,9497,8890,6196,4056,1171
2024-07-07,0,-2657,-4445,-5604,-6100,-6392,-5531,-4107,-1984,567,3241,4036,3244,3471,3633,4774,6416,8067,9629,10622,10343,7814,5150,2037
2024-07-08,0,-2338,-3664,-4355,-4180,-2848,1929,9554,18033,23446,24944,23908,21835,24397,24250,23930,23944,22835,22173,21178,18770,15286,12963,9784
2024-07-09,0,-2447,-4011,-4857,-5062,-4081,-403,5681,12943,17264,18849,18234,16278,18496,18758,18098,17988,16719,15878,14960,12809,9352,7003,3637
2024-07-10,0,-2254,-3700,-4545,-4636,-3861,-386,4877,11399,15242,15941,14619,12327,15079,16165,16785,18118,17172,16371,15716,13915,10558,8186,4561
2024-07-11,0,-2568,-3966,-4936,-5095,-4288,-1300,3529,9780,13140,14028,13195,11057,13681,15172,15663,16942,16354,16058,15232,13275,9890,7372,3882
2024-07-12,0,-2544,-4090,-5145,-5176,-4384,-1407,3104,8917,11790,11845,10001,7552,10288,11958,13568,15695,15619,15704,15294,13791,10302,7576,4351
2024-07-13,0,-2754,-4633,-5784,-6279,-6565,-5970,-5103,-4124,-2190,-242,722,680,1944,2560,3358,4741,6249,7489,8323,7976,5574,3436,668
2024-07-14,0,-2637,-4504,-5637,-5915,-6041,-5623,-5085,-4010,-1962,319,1083,1388,3160,3482,3203,4720,7350,8929,9770,9564,7192,4400,1098
2024-07-15,0,-2251,-3713,-4343,-4213,-2892,1167,6962,14311,18231,20490,21175,19671,22268,23347,23948,25548,25337,24973,24235,22251,18433,15341,11547
2024-07-16,0,-2523,-4077,-5137,-5255,-4590,-1123,4416,11680,16003,18091,18065,16585,18936,19638,19361,19435,18338,17622,16659,14373,10617,7949,4335
2024-07-17,0,-2490,-3964,-4775,-4947,-4097,-348,5417,12454,16362,16963,16466,14880,17433,18683,18988,20373,19402,18742,18485,16258,12721,10105,6507
2024-07-18,0,-2625,-4257,-5205,-5525,-4693,-1065,4599,11874,17266,19030,18211,15508,17282,17795,17111,17474,16694,16449,15704,13390,9784,7208,3759
2024-07-19,0,-2535,-4167,-5294,-5402,-4653,-1249,4179,11292,15668,17421,16052,13493,14385,14738,15302,16920,16347,16050,15607,14004,10561,8077,4632
2024-07-20,0,-2926,-4730,-6162,-6691,-6814,-5879,-4291,-798,3249,5754,6004,2360,1083,1120,2306,4907,6806,9268,10148,9354,6677,4517,1455
2024-07-21,0,-3074,-5020,-6375,-6858,-7186,-6427,-5708,-5304,-3758,-2283,-1993,-1073,261,1225,2960,5500,8945,11876,13138,12819,10237,6915,3154
2024-07-22,0,-2685,-4112,-4998,-4749,-3474,577,6758,15011,20544,22240,21137,19057,22588,24169,24752,25561,26089,26145,25537,22791,18692,15451,11378
2024-07-23,0,-2778,-4648,-5633,-5749,-5061,-1798,4079,12641,17986,19665,18505,15957,18488,18963,19353,20491,19631,19279,18581,15958,11950,8521,4432
2024-07-24,0,-2774,-4525,-5749,-5860,-4979,-1478,3985,11214,15308,16290,15528,14145,17030,18582,19215,20919,20641,20779,20538,18298,14294,10627,6193
2024-07-25,0,-2900,-4850,-5992,-6191,-5447,-2418,2563,9532,13841,15589,15610,13879,16861,19090,20782,22643,22153,22054,21536,18788,13915,10180,5678
2024-07-26,0,-3279,-5259,-6533,-6865,-6117,-2930,2467,9388,14282,16822,17198,16101,19344,20494,20619,20118,18645,17901,17469,15491,11493,8385,4494
2024-07-27,0,-3258,-5395,-6814,-7541,-7794,-6989,-5319,-2159,1117,3476,4486,4070,4868,5064,5678,6795,7704,8907,9816,9249,6351,3513,104
2024-07-28,0,-3064,-5176,-6534,-7141,-7242,-6778,-5978,-4713,-2886,-1225,-881,-77,1389,2548,4297,6579,9689,12120,13055,12540,9637,6037,2348
2024-07-29,0,-3038,-4914,-6022,-6181,-4972,-1792,3287,10144,14678,16213,15516,14188,15939,17130,17958,19602,20581,21018,20563,18213,14169,10826,6900
2024-07-30,0,-3232,-5159,-6254,-6327,-5465,-2795,1570,7359,11328,12847,12401,11255,13670,15067,16068,18155,19519,20599,20424,17987,13755,9812,5269
2024-07-31,0,-3097,-5186,-6588,-6920,-6220,-3620,472,5511,9231,11050,10610,9769,11442,13035,14538,17251,19269,20627,20409,18269,14177,10124,5731
2024-08-01,0,-3344,-5457,-6734,-7153,-6471,-4074,-148,5304,9414,11254,10942,10378,11584,12778,14237,16793,19069,20345,20368,18223,14031,9998,5462
2024-08-02,0,-3135,-5180,-6503,-6826,-5982,-3625,515,6072,9901,11484,11531,10599,12220,13889,15260,17477,19146,19734,19725,17824,13936,10402,6371
2024-08-03,0,-3717,-6107,-7582,-8266,-8122,-7130,-5474,-3180,-6,1996,2574,2627,3459,4252,5775,8286,11024,13185,13833,12609,9385,6727,2997
2024-08-04,0,-3390,-5521,-7026,-7596,-7586,-6985,-5727,-3967,-1403,1274,2204,3160,4387,5634,7775,10710,13683,15538,16555,15842,12560,8649,4263
2024-08-05,0,-3162,-5027,-6245,-6214,-4900,-1457,4501,12113,17660,20489,20471,19503,23258,25979,27657,28806,27094,25246,23893,20583,16194,12458,8058
2024-08-06,0,-2973,-4920,-6114,-6470,-5602,-2331,2810,9321,12889,14226,14360,13628,16438,18705,20491,22611,23280,23933,23469,20690,16111,11924,7232
2024-08-07,0,-3095,-5092,-6433,-6951,-6223,-2999,2477,9617,14159,15189,14541,13340,16413,18082,19812,21973,22473,22658,22007,18912,14415,10361,5759
2024-08-08,0,-3120,-5105,-6345,-6544,-5766,-2639,2545,9170,14051,16794,17435,16201,18819,19136,18958,20376,20522,20192,19512,16504,12004,8091,3951
2024-08-09,0,-3132,-4982,-6299,-6655,-5783,-2725,2399,8861,12750,14265,13890,12425,15129,16771,18083,20443,21022,20890,20469,17879,13465,9607,5633
2024-08-10,0,-3294,-5500,-7074,-7960,-8128,-7141,-5739,-3738,-858,1779,2894,2485,3978,5056,6304,7982,9666,11068,11633,10258,6994,4305,846
2024-08-11,0,-3135,-5277,-6675,-7379,-7518,-7073,-6273,-5276,-3654,-1910,-1151,-312,1538,2873,5051,7970,11470,14256,15268,14239,10777,6941,2882
2024-08-12,0,-2794,-4632,-5499,-5414,-3931,-4,6522,14808,20025,21659,21357,20015,23277,25277,26383,28147,28910,30094,29517,25979,21012,16817,12016
2024-08-13,0,-3083,-5163,-6467,-6678,-5670,-2381,3041,10312,14744,16047,15314,13761,17047,19002,20565,23118,23683,23533,22790,19396,14405,10190,5499
2024-08-14,0,-3074,-5163,-6355,-6764,-5701,-2346,3046,9726,13955,15544,15262,13941,17187,19011,20393,22578,22141,21253,20299,17166,12919,9443,5462
2024-08-15,0,-3199,-5410,-6870,-7551,-7420,-6361,-4528,-1580,1084,3659,5010,4109,6618,8462,10399,12732,13200,13923,14138,12721,9211,5236,1114
2024-08-16,0,-3019,-4844,-6127,-6480,-5587,-2508,2373,9073,13005,14885,15132,14624,17680,19751,21003,22698,22365,21440,20602,17568,13145,9649,5816
2024-08-17,0,-3130,-5108,-6628,-7394,-7305,-6184,-4769,-2505,243,2852,3917,3874,5538,7183,8921,10142,11343,12131,12320,10655,7239,4445,993
2024-08-18,0,-2992,-5025,-6421,-7079,-7135,-6556,-5736,-4880,-3297,-936,341,1293,2998,4602,6453,9497,12121,13925,15240,13342,9995,6329,2399
2024-08-19,0,-2690,-4460,-5387,-5285,-3480,818,7670,16185,21222,22949,22392,21262,24939,27049,28668,31317,32217,31950,30904,27391,22466,18230,13363
2024-08-20,0,-3119,-5110,-6279,-6711,-5785,-2181,4058,11864,16913,19260,19881,18833,21906,23914,25273,25869,25328,24987,24546,20518,15665,11078,6254
2024-08-21,0,-3311,-5466,-6798,-7067,-5936,-2042,4977,13464,18514,20117,18598,16040,18032,18997,19254,20858,20507,20772,20559,17276,12655,8551,4098
2024-08-22,0,-3219,-5050,-6444,-6687,-5593,-1997,4368,12650,18446,20581,19307,17698,20675,21888,22197,22659,21704,21140,20791,17024,12209,8378,4071
2024-08-23,0,-3114,-5068,-6343,-6562,-5458,-2259,3151,9547,13396,14790,13997,12194,15149,17294,18587,20535,20245,19587,18969,15831,11375,7911,4160
2024-08-24,0,-2748,-4974,-6573,-7159,-7126,-6300,-4807,-2485,561,2747,3138,2150,3311,4030,5407,7656,9475,10881,11451,9571,6206,3323,-152
2024-08-25,0,-2746,-4806,-6075,-6793,-6726,-6292,-5066,-3257,-1420,221,1562,2905,4311,5265,6872,9108,11576,13391,14258,12439,9168,5575,1818
2024-08-26,0,-2660,-4226,-4966,-4823,-3145,1155,8295,17329,22258,23406,22732,21168,24826,26676,28248,29336,28766,28072,27075,23141,18594,14769,10606
2024-08-27,0,-2871,-4659,-5763,-5923,-4780,-1270,4987,12816,17313,18388,16762,14478,17057,18244,18154,19225,18334,17552,16479,12849,8635,5602,1768
2024-08-28,0,-2726,-4423,-5548,-5592,-4570,-1383,3017,8720,11960,12952,12279,10866,14816,17345,19139,21332,21339,21345,20879,17246,12981,9395,5422
2024-08-29,0,-2780,-4580,-5795,-5943,-4706,-1356,3218,8903,12250,13504,12784,11753,15595,18339,19926,22204,22812,22680,21559,17501,12916,9287,5254
2024-08-30,0,-2649,-4457,-5536,-5795,-4664,-1536,3075,8490,11722,13125,12531,11397,14778,16677,18367,20877,21513,20986,19717,16188,11921,8559,4802
2024-08-31,0,-3021,-4956,-6544,-7307,-7155,-6538,-6401,-5476,-3516,-2342,-2315,-2812,-909,809,2860,5473,7758,9325,9802,7851,4773,2221,-982
2024-09-01,0,-2810,-4760,-5975,-6429,-6217,-5787,-5635,-5718,-4471,-3051,-2734,-2197,-782,515,2778,5965,9272,11229,11888,10122,7160,4230,881
2024-09-02,0,-2375,-3750,-4609,-4403,-2695,1310,7421,14993,19941,22195,21937,19196,22210,24009,24789,25794,24567,23935,22876,19422,15647,13030,9720
2024-09-03,0,-2403,-3911,-4811,-4894,-3747,-665,4017,9268,11851,12116,11271,9673,13814,16006,17590,19559,19777,19210,18186,14709,10538,7639,4050
2024-09-04,0,-2510,-4162,-5138,-5310,-4194,-1208,2671,7025,9542,10089,9372,7585,11753,14558,16892,19897,21072,21028,20261,16574,12535,9614,6009
2024-09-05,0,-2593,-4027,-5097,-5417,-4093,-841,3558,8840,12273,13025,12666,10804,15163,17740,19608,21800,21617,20880,20100,16430,12423,9267,5707
2024-09-06,0,-2511,-4183,-5155,-5230,-4052,-620,5087,12440,16665,17910,17225,14735,16953,17427,17417,17361,15471,14151,13192,10266,6797,4501,1560
2024-09-07,0,-2480,-4194,-5244,-5588,-5163,-3893,-2156,368,3203,4429,4693,3649,4812,5590,6099,7302,8524,9914,10241,8332,5542,3590,917
2024-09-08,0,-2598,-4642,-5690,-6196,-5809,-5198,-4646,-4382,-3962,-3019,-2561,-1582,93,1712,4021,7144,10605,12723,13324,11377,8387,5215,1914
2024-09-09,0,-2292,-3539,-4388,-4075,-2094,2124,8464,15766,19772,21179,21453,20198,24119,26318,28176,30660,31064,30525,29354,25102,20263,16743,12815
2024-09-10,0,-2649,-4338,-5441,-5677,-4392,-962,3996,9625,13187,14460,14388,13375,17593,19687,21879,24834,25923,25446,24149,19738,14890,11065,7005
2024-09-11,0,-3085,-5066,-6166,-6366,-5006,-1584,4355,12140,17372,19550,19596,18024,21626,23170,23717,24321,22518,21688,20377,16577,12162,8288,4280
2024-09-12,0,-2696,-4628,-5766,-5847,-4465,-1004,5467,13089,17051,18015,17761,15473,17836,19018,19816,20647,19908,19409,18649,15117,10839,7493,3591
2024-09-13,0,-2838,-4599,-5549,-5849,-4526,-1046,4549,10950,14075,14828,14158,12427,15548,16909,16964,17375,17586,18453,18154,14304,10694,7621,4135
2024-09-14,0,-2952,-5007,-6489,-7097,-6911,-6155,-5188,-4132,-1936,-127,174,45,866,2024,3404,5762,8226,9711,10003,7685,4588,2477,-718
2024-09-15,0,-3102,-5084,-6201,-6770,-6393,-5741,-5159,-4546,-2875,-904,-66,646,1786,3154,4375,7141,9823,11246,11055,8783,5703,2542,-651
2024-09-16,0,-2751,-4561,-5839,-6373,-6103,-5746,-5024,-4721,-3454,-1514,-127,1168,2958,4732,6157,7933,9776,11379,11413,9776,7433,4887,1742
2024-09-17,0,-2544,-4109,-5154,-5538,-5081,-3984,-2870,-3327,-4129,-3997,-3062,-1196,438,2490,5004,8018,10789,12746,13272,11947,9978,7769,4985
2024-09-18,0,-2517,-4267,-5401,-5619,-5157,-4487,-3385,-2003,337,3290,5203,6802,8444,10033,11855,14229,16211,17853,17888,15638,12222,8800,5141
2024-09-19,0,-2619,-4334,-5231,-5207,-3549,299,6951,14988,19605,21610,22126,22003,25391,27551,29195,30394,30144,30203,29622,25396,20627,16657,12247
2024-09-20,0,-2757,-4481,-5787,-6019,-4706,-1119,5874,14797,20755,22886,21975,19297,21116,21756,21354,21388,19391,18293,16940,13601,9128,5711,2456
2024-09-21,0,-2894,-4859,-6021,-6421,-6012,-5052,-2761,272,3368,4775,4666,3519,4116,3773,3444,3314,2885,3419,3011,1452,-692,-1954,-4170
2024-09-22,0,-2171,-3587,-4494,-4803,-4519,-3807,-3459,-3474,-3144,-2617,-2198,-1148,604,1316,2116,3568,5464,7520,7541,6147,3976,2317,84
2024-09-23,0,-1800,-2758,-3250,-2966,-1428,1942,6041,9683,10783,10361,8817,7197,10544,12891,15362,18374,19250,19669,18330,15203,12233,10535,8059
2024-09-24,0,-1902,-3049,-3930,-3729,-2365,298,3295,5536,5987,5434,3695,2160,6090,8932,11306,14419,15583,16317,14911,11903,8912,6800,4470
2024-09-25,0,-2016,-3227,-3800,-3890,-2598,-7,3163,6804,9507,10175,8597,6570,9994,11523,13350,16069,16494,16890,15710,12712,9455,7379,4773
2024-09-26,0,-2056,-3201,-3950,-3918,-2798,163,4147,8370,10161,10587,9152,7595,11593,14095,15513,17817,17663,17728,16055,12723,9422,7198,4397
2024-09-27,0,-2059,-3390,-4249,-4321,-2873,-7,3643,7590,9109,8807,7162,5347,8675,10741,12575,14887,14818,14647,13102,10267,7204,5408,2902
2024-09-28,0,-2181,-3476,-4488,-4818,-4428,-3673,-3580,-4285,-4122,-3253,-3575,-3929,-1835,-336,1347,3271,4415,6049,5712,4012,1809,665,-1576
2024-09-29,0,-2011,-3404,-4294,-4464,-4082,-3636,-3948,-5529,-6207,-5846,-6002,-5395,-3939,-2526,-292,3115,6748,9020,8954,7571,5492,3868,1452
2024-09-30,0,-1975,-3067,-3591,-3243,-1507,1901,5919,9299,10837,11511,10152,8716,12608,15285,17910,20701,21259,21200,19299,16256,13256,11660,8938
2024-10-01,0,-2130,-3580,-4521,-4629,-3836,-2370,-881,1211,3144,5031,5801,5202,6780,7239,7309,7481,6876,8062,6918,4894,2614,1668,-291
2024-10-02,0,-1556,-2499,-3229,-3397,-2030,617,3751,6145,5737,3392,-440,-3461,-365,2258,5068,9435,11310,12549,11393,9406,7291,6474,4935
2024-10-03,0,-2000,-3219,-3905,-3919,-3135,-1937,-439,981,1595,1766,953,-288,2689,4766,5376,5947,6364,8170,7752,6713,4942,3276,1356
2024-10-04,0,-1816,-2967,-3516,-3449,-2306,212,2282,2960,1660,-373,-2907,-4299,-1820,541,3513,7529,9912,11217,10193,8334,6481,5692,3901
2024-10-05,0,-1969,-3193,-4122,-4262,-3720,-2772,-3241,-5236,-7209,-8314,-9165,-9259,-6822,-5228,-3515,-543,2446,4653,4352,3221,1767,1257,-144
2024-10-06,0,-1893,-2959,-3546,-3636,-3058,-2492,-2276,-2177,-1935,-979,-362,880,1948,2341,2826,4041,5878,7885,7556,6640,4937,3342,1745
2024-10-07,0,-1603,-2571,-2979,-2609,-858,2733,7933,13200,14001,12933,11348,10637,14407,16085,17183,18560,18239,18896,17471,15012,12580,11212,9261
2024-10-08,0,-1782,-2910,-3405,-3204,-1915,908,4514,7060,6739,5065,2702,631,3995,5978,8295,11169,12112,13003,11544,9033,6808,5773,3898
2024-10-09,0,-1919,-3085,-3812,-3835,-3054,-1534,-918,-1513,-3191,-3711,-3825,-4556,-1840,498,2251,4536,6006,8281,7807,6702,5033,3599,1693
2024-10-10,0,-1827,-2946,-3516,-3264,-1889,1000,4612,7583,7292,5993,3993,1970,5520,7936,10177,13017,14256,15475,13970,11564,9089,7645,5533
2024-10-11,0,-1883,-3143,-3905,-3859,-2622,50,2675,4380,3662,1774,-724,-2319,908,3275,5921,9071,10182,10758,9240,7227,5025,3740,1788
2024-10-12,0,-2015,-3350,-4042,-4151,-3518,-2729,-2688,-3738,-5511,-7293,-8805,-10101,-8631,-6815,-4060,-433,2120,4104,3726,2902,1324,582,-1064
2024-10-13,0,-1912,-3029,-3630,-3802,-3033,-2387,-2888,-5136,-7234,-7288,-6006,-4936,-2923,-462,1589,3439,5447,7657,7396,6467,5037,3673,1893
2024-10-14,0,-1677,-2578,-2947,-2546,-611,3070,8534,14290,16724,17539,16686,14876,18206,19499,19786,20076,19713,19873,17904,15410,13010,11717,9605
2024-10-15,0,-1829,-2891,-3559,-3222,-1777,1293,5950,10738,13074,13359,11602,9580,12416,13422,13811,14485,14134,14902,13071,10565,7962,6588,4388
2024-10-16,0,-1902,-3135,-3862,-3751,-2483,282,3840,7204,7281,5484,2727,-465,3613,6318,8885,11381,12224,12902,11435,9249,6968,5160,3072
2024-10-17,0,-1878,-3307,-3879,-3771,-2279,587,4375,8462,9231,7566,4277,803,3617,5869,8620,12017,13045,13980,12471,10185,7617,6322,4339
2024-10-18,0,-2029,-3140,-3843,-3898,-2612,411,4339,8702,11262,11925,11122,9546,12306,13096,13351,13549,12563,12521,11226,9001,6858,5564,3795
2024-10-19,0,-1947,-3068,-3948,-4243,-3874,-2698,-1907,-742,111,506,251,-501,547,938,1175,1598,2047,3071,2440,1385,-26,-651,-1945
2024-10-20,0,-2005,-3344,-4016,-4063,-3398,-2562,-2895,-4943,-6912,-7570,-8179,-7403,-6170,-4621,-2270,634,3792,6119,6087,5417,4259,2799,1210
2024-10-21,0,-1886,-2767,-3163,-2673,-846,2777,7363,11523,13409,13581,12313,9691,12703,14336,15417,17317,17845,18693,17213,14871,12579,11536,9763
2024-10-22,0,-1716,-2702,-3305,-3137,-1741,1400,6060,10936,13469,13899,12242,9872,12484,13613,14046,14383,13974,13841,12019,9586,7314,6150,4325
2024-10-23,0,-1933,-3098,-3716,-3573,-2212,573,4585,7903,8255,6864,3111,-1441,91,2047,4826,8926,10482,11157,9761,8052,5903,4792,2911
2024-10-24,0,-1979,-3000,-3445,-3106,-1673,1190,4057,4826,3074,897,-2040,-4839,-1420,1268,4914,9554,11455,12182,10527,8428,6293,5329,3422
2024-10-25,0,-1914,-3040,-3610,-3263,-1929,954,4190,4943,3188,1519,-237,-1640,2631,5606,8105,9871,10365,10869,9445,7671,5723,4925,3036
2024-10-26,0,-1980,-3409,-4002,-3963,-3289,-2114,-2188,-4085,-6276,-8080,-9330,-10412,-8523,-6782,-4297,-857,1309,2980,2520,1683,479,107,-1262
2024-10-27,0,-2026,-3260,-3755,-3904,-3287,-2157,-2051,-2292,-2153,-1667,-1331,-1083,-422,184,1362,2933,5206,6881,6350,5366,4159,2970,1507
2024-10-28,0,-1865,-2876,-3162,-2606,-512,3264,8070,12307,13559,13337,12241,9337,12730,14887,16529,17344,17959,18134,16636,14078,11901,10936,8953
2024-10-29,0,-1821,-3013,-3511,-3241,-1901,1232,4866,7649,8096,7029,3947,1205,4512,5259,7688,11084,12071,12871,11526,9192,7100,5938,3779
2024-10-30,0,-1878,-3025,-3435,-3129,-1506,1581,5043,6662,5185,2586,-269,-3216,507,3255,6707,10714,11856,12281,10868,8914,6824,5704,3617
2024-10-31,0,-2012,-3088,-3483,-3191,-1785,1324,5222,7782,6331,3944,994,-1978,1742,4511,7537,11068,12218,12708,11310,9100,7100,5790,3672
2024-11-01,0,-2054,-3265,-3714,-3422,-1968,1265,5868,10702,12414,12579,11611,8898,11568,12514,12711,12595,11831,11313,10078,8150,6300,5811,4336
2024-11-02,0,-2185,-3442,-3992,-4080,-3271,-2123,-1238,-1606,-3041,-4768,-7016,-8246,-7178,-5687,-3270,-613,1501,2825,2526,1815,563,402,-854
2024-11-03,0,-2015,-3434,-3941,-3926,-3212,-2164,-2250,-4568,-7151,-9062,-10652,-10622,-8970,-6532,-2895,1223,4698,6633,6495,5715,4516,3353,1640
2024-11-04,0,-1831,-2827,-3084,-2458,-486,3478,8472,12779,13165,12312,9719,5958,8692,10648,13017,15970,17073,17378,16129,13809,11705,10791,9003
2024-11-05,0,-1855,-2844,-3239,-2848,-1519,1729,5420,7749,5913,2481,-325,-3359,327,3122,6265,10036,11550,11781,10760,8613,6713,5937,4289
2024-11-06,0,-2028,-2761,-3229,-2851,-1295,2037,5733,6481,3491,890,-1568,-4370,-653,2214,5833,9787,11090,11590,10338,8592,6704,6185,4688
2024-11-07,0,-1916,-2999,-3464,-3015,-1132,2349,6089,7464,4544,1710,-645,-3726,-169,2863,6552,10067,11287,11534,10336,8335,6242,5621,4035
2024-11-08,0,-2151,-3434,-3798,-3425,-1758,1553,5522,7182,4727,2158,-193,-2863,853,3765,6548,8961,9344,9134,7954,6088,4150,3944,2813
2024-11-09,0,-2141,-3499,-4299,-4195,-3426,-2066,-1799,-3731,-6787,-9160,-10648,-10830,-7804,-5938,-3625,-1358,714,1785,1383,841,-344,-318,-1299
2024-11-10,0,-2210,-3428,-4082,-3832,-2889,-1742,-1143,-1195,-1810,-3551,-4683,-4800,-3964,-3203,-2023,1306,4765,6323,5882,5282,4133,3324,2062
2024-11-11,0,-1975,-3056,-3275,-2647,-612,3394,8583,12301,10503,7523,4796,2137,6300,9159,12065,14953,15783,15799,15063,13186,11256,10689,8920
2024-11-12,0,-1954,-3064,-3682,-3329,-1524,1808,6012,8266,5796,2909,436,-2407,1497,4231,7054,9926,10922,10871,10701,8835,6806,5848,4278
2024-11-13,0,-1979,-3114,-3514,-3158,-1615,1931,6014,7812,5035,2438,507,-1616,2257,5003,7355,9522,9995,9856,9731,8264,6318,5392,3808
2024-11-14,0,-1925,-3105,-3445,-3081,-1385,1874,5358,9022,8463,7230,5607,2493,7414,10544,11509,12028,12011,11588,10686,8625,6503,5849,4311
2024-11-15,0,-2091,-3362,-3964,-3631,-1925,1382,5549,9715,9328,7968,6348,2722,5035,6553,7886,8796,8915,8602,7997,6574,4936,4623,3448
2024-11-16,0,-2189,-3622,-4686,-4678,-3952,-2324,-1849,-2903,-5434,-6861,-8223,-9548,-8404,-5879,-2158,556,1888,2448,2113,1366,176,227,-894
2024-11-17,0,-2256,-3404,-4210,-4107,-3376,-2126,-1535,-1365,-1292,-997,-1082,-1827,-1779,-1399,-453,1601,5171,6750,6501,5733,4713,3947,2992
2024-11-18,0,-1981,-2948,-3136,-2639,-527,3955,9880,13296,10659,8060,5648,2426,6129,9156,12785,16807,18498,18000,16880,14872,12614,11880,10598
2024-11-19,0,-2198,-3504,-3971,-3533,-1804,1975,6899,10070,8052,6186,4426,1644,4924,7469,9508,10955,11625,10935,9734,7433,5287,4671,3514
2024-11-20,0,-2460,-3686,-4254,-3804,-1926,1822,6612,10473,9073,6718,4653,2054,6436,9222,10863,11821,11791,10629,9330,7272,5111,4650,3359
2024-11-21,0,-2270,-3476,-3967,-3499,-1773,1805,6293,9910,8447,6608,5028,2809,6400,7765,8954,10650,11510,10829,9506,7423,5295,4721,3495
2024-11-22,0,-2386,-3562,-4016,-3504,-1657,1995,6547,9497,6802,3804,882,-2497,628,3104,6483,9744,10806,10050,9063,7435,5658,5276,4205
2024-11-23,0,-2388,-3800,-4523,-4385,-3441,-1914,-1151,-1728,-4616,-7422,-9376,-11167,-10168,-8499,-5369,-1883,934,1779,1290,621,-462,-397,-996
2024-11-24,0,-2405,-3796,-4419,-4340,-3393,-2074,-1666,-3390,-6900,-8993,-10638,-11447,-10712,-8638,-5011,-564,3526,5136,4857,4130,3089,2485,1525
2024-11-25,0,-2178,-3340,-3556,-2692,-433,3841,10067,15002,13249,10229,8075,6021,10467,13303,15074,16113,16854,15991,14711,12266,10082,9446,8171
2024-11-26,0,-2178,-3200,-3554,-3115,-1404,2077,7318,13304,14453,12076,9469,6852,10257,11776,13539,15385,15703,14434,12767,10235,8083,7543,6404
2024-11-27,0,-2330,-3627,-4150,-3776,-1928,1925,7348,13661,16435,17330,16455,12238,15151,16533,16949,16738,15910,13902,12273,9629,7308,6658,5648
2024-11-28,0,-2496,-3995,-4672,-4380,-2878,604,5408,10702,12336,11799,10436,8209,11520,12792,13007,13450,13378,11617,9618,6886,4663,3832,2817
2024-11-29,0,-2287,-3808,-4323,-3803,-1949,1750,7291,12820,12994,11979,10608,7839,11187,13427,13877,14010,13159,10910,8885,6373,4418,4072,3086
2024-11-30,0,-2560,-4102,-4854,-4863,-3959,-2446,-1266,-1764,-3534,-4374,-4838,-5900,-4801,-4270,-2874,-791,1293,1664,926,67,-1212,-1075,-1487
2024-12-01,0,-2386,-3805,-4479,-4248,-3486,-2320,-1742,-2462,-3912,-4508,-5242,-5526,-4612,-3405,-1474,1157,4392,5292,4727,3917,2752,2035,1402
2024-12-02,0,-2250,-3516,-3879,-3138,-958,3559,10021,16372,16388,13769,11102,7877,11458,13795,16367,17868,18360,17086,15752,13192,11179,10882,9593
2024-12-03,0,-2125,-3377,-3849,-3158,-1286,2667,8580,13903,14195,11080,6465,1768,5403,8490,12150,14969,15936,14419,12563,9811,7179,6715,5783
2024-12-04,0,-2198,-3778,-4626,-4221,-2464,1266,6999,12232,11282,8371,4916,-48,2855,5449,8602,10835,11555,10989,9648,7317,4980,4333,3210
2024-12-05,0,-2434,-3793,-4427,-3828,-2070,1692,7315,12922,12527,10379,7600,3241,6667,9257,11059,12119,12184,11309,9887,7299,4793,4457,3466
2024-12-06,0,-2414,-3850,-4241,-3802,-2001,1708,7068,12114,11159,8811,6061,1944,4813,6736,9800,12123,12477,10754,9365,7320,5178,4997,4219
2024-12-07,0,-2517,-4291,-4978,-4851,-3935,-2334,-1016,-1091,-2532,-3933,-5660,-6861,-5059,-3661,-1679,312,2165,2308,1551,415,-777,-99,-232
2024-12-08,0,-2478,-4158,-4669,-4668,-3927,-2686,-1896,-2427,-5039,-7530,-9706,-11022,-10828,-8684,-4760,381,4562,5550,5194,4305,3117,2571,1955
2024-12-09,0,-2181,-3192,-3697,-3026,-822,3879,11259,19081,19077,16507,14100,10920,14274,16070,18092,19538,19708,17775,15788,13053,10398,9950,9128
2024-12-10,0,-2470,-3682,-4157,-3611,-1775,2035,8264,14190,12584,8428,4981,733,3888,6813,10179,12945,13545,12029,10515,7854,5163,4663,3743
2024-12-11,0,-2632,-4089,-4467,-4085,-2376,1420,7459,14370,15118,12279,8628,3853,5368,7282,9779,12043,12674,11490,10082,7631,5160,4895,4040
2024-12-12,0,-2442,-3695,-4314,-3803,-1755,2182,8532,14381,12337,8690,4974,819,4973,8968,12092,14119,14312,12488,10695,8060,5679,5018,4002
2024-12-13,0,-2497,-3992,-4491,-4011,-1965,1747,7722,14705,16066,14763,11941,8518,11724,13027,13450,13773,13297,11095,9859,7499,5362,5020,4469
2024-12-14,0,-2731,-4502,-5387,-5370,-4548,-2687,-1132,-436,-2193,-4338,-6236,-8321,-7340,-5971,-3324,-333,1848,2231,1343,226,-1157,-854,-1107
2024-12-15,0,-2732,-4454,-5178,-5237,-4530,-3211,-2368,-1507,-1631,-1348,-2756,-3568,-3301,-2758,-1375,841,4281,5041,4485,3542,2261,1665,1223
2024-12-16,0,-2192,-3450,-3758,-3023,-562,4171,12023,20071,19566,16328,14449,11796,15906,18161,20325,21643,20863,18432,16634,13815,11101,10569,9576
2024-12-17,0,-2335,-3728,-4322,-3736,-1910,2223,8652,15387,14593,11363,7541,3473,6960,9327,12363,14721,15015,13288,11576,8854,6284,5702,4675
2024-12-18,0,-2355,-3900,-4628,-3987,-2157,1952,8562,15939,15539,12979,10081,5952,9223,11496,13823,15997,16018,13992,12321,9574,7022,6268,5296
2024-12-19,0,-2596,-3915,-4649,-4153,-2316,1796,8301,15439,14178,10198,6298,1620,4304,6587,10017,12977,13626,11933,10164,7338,4576,4061,3149
2024-12-20,0,-2778,-4497,-5186,-4848,-3112,783,7144,14407,15043,13541,12123,9487,13022,13478,13265,12846,11655,9265,7693,5453,3270,2856,2210
2024-12-21,0,-2621,-4490,-5605,-5611,-4839,-3435,-1956,36,1074,1128,66,-1191,245,1017,1636,2310,3595,3569,2548,1361,92,678,771
2024-12-22,0,-2583,-4261,-5011,-5105,-4465,-3102,-2026,-2190,-4896,-7183,-9373,-10817,-10704,-9106,-5401,-584,3717,5006,4649,3600,2234,1736,1395
2024-12-23,0,-2091,-3441,-3845,-3248,-1095,3470,11458,20150,20825,18571,15354,10466,12899,14539,16779,18576,18680,16597,14809,12101,9507,9019,8212
2024-12-24,0,-2348,-3764,-4344,-3890,-2023,2036,8792,16066,14819,10791,6820,2350,4882,6789,9733,12566,13021,10972,9280,6713,4567,4385,3888
2024-12-25,0,-2659,-4464,-5332,-5203,-4637,-3147,-1722,-493,-1285,-2794,-4615,-7236,-7641,-6537,-3725,-559,2157,2864,2094,1010,-292,-800,-1343
2024-12-26,0,-2406,-3907,-4526,-4032,-1977,2252,9232,17470,18259,15929,11935,7375,10087,11985,14709,17377,18098,16561,14936,12104,9609,9113,8158
2024-12-27,0,-2681,-4349,-4899,-4411,-2584,1266,7737,14556,13700,10145,7120,3401,7168,9055,10697,12682,12307,9879,8249,5902,3585,3240,2779
2024-12-28,0,-2744,-4253,-5276,-5195,-4311,-2606,-801,634,195,-1515,-3861,-6420,-5913,-4673,-2270,395,2787,3149,2295,888,-503,-65,-344
2024-12-29,0,-2583,-4247,-5211,-5160,-4584,-3340,-2224,-2192,-4526,-6597,-8646,-9961,-9532,-7662,-4378,-434,3007,4146,3632,2499,991,451,-31
2024-12-30,0,-2352,-3874,-4406,-3754,-1715,2391,9441,17551,19552,19047,16217,11961,13702,13820,14300,15670,16001,14150,12272,9759,7409,7028,6320
2024-12-31,0,-2502,-3877,-4495,-4031,-2334,1239,6929,12460,10455,6636,2755,-1371,208,1545,3989,6817,8422,7839,6867,5185,3585,3876,3392
