날짜,1시,2시,3시,4시,5시,6시,7시,8시,9시,10시,11시,12시,13시,14시,15시,16시,17시,18시,19시,20시,21시,22시,23시,24시
2022-01-01,67369,64791,63116,62005,61781,62099,62874,63072,61866,58177,57002,55157,53602,53782,55109,57982,61805,65250,66718,66255,65531,64572,64727,65287
2022-01-02,62823,60652,59148,58322,58387,59084,60067,60850,61244,60194,60530,59260,57185,56112,56737,58930,62695,66544,68173,67980,67053,65748,65835,66325
2022-01-03,63902,61885,60851,60537,61346,63721,67966,75103,83877,84909,83022,80335,75978,78440,79968,82170,85196,84436,81811,78883,76496,73304,71804,72760
2022-01-04,69568,67227,65792,65504,66040,67806,71370,77225,85161,85043,82677,79267,74546,77144,78434,80878,84781,84925,83033,80521,77956,74694,72899,73776
2022-01-05,70462,68272,66980,66721,67107,68763,72298,78159,86744,89397,88785,86954,82598,85248,86536,86807,87522,85040,82405,79518,77025,73633,71823,72842
2022-01-06,69852,67823,66582,66051,66650,68273,71667,77498,84761,83898,81135,77692,73094,75557,77035,79427,83183,83463,82065,79817,77339,74208,72761,73764
2022-01-07,70521,68345,67177,66647,67183,68711,72132,78156,85425,84529,81673,78100,73217,75457,76653,78652,82024,81763,80045,77746,75799,73040,71678,72767
2022-01-08,69617,67374,66024,65304,65273,66050,67539,69148,70793,68532,67129,65078,62400,63252,64356,66314,68581,69384,69822,68952,67901,66258,65807,66879
2022-01-09,63896,61436,59902,59353,59475,60179,61084,61705,62222,61227,60624,59203,58094,58384,58818,60252,63097,66252,67889,67721,66990,65846,65884,66079
2022-01-10,63493,61435,60310,60149,60973,63199,67382,74341,83533,85301,82947,79816,75121,78253,79903,81458,83904,82937,80812,78078,75549,72621,71005,71966
2022-01-11,68787,66583,65508,65245,65971,67959,71582,77462,86085,88000,86258,83093,78471,81055,82697,84614,88103,88027,86026,83329,80346,76672,74743,75784
2022-01-12,72491,70447,69339,68855,69320,70935,74575,80364,88267,88365,85792,82797,78721,81333,82634,84375,87652,87119,84964,82412,79870,76070,74319,75443
2022-01-13,72285,70102,68768,68289,68828,70260,73447,79165,87577,88821,86837,84368,80021,82490,83978,85740,89115,88739,86695,83658,80743,76867,75140,76141
2022-01-14,73008,70813,69564,68972,69421,70763,74037,79813,87278,86731,84296,80848,76055,77863,78916,81170,84675,84183,82397,79968,77740,74466,72977,73885
2022-01-15,70649,68249,66719,66042,65859,66541,67930,69569,71585,70496,70109,67706,65197,66162,67212,68035,69465,70026,70703,69632,68360,66820,66497,67707
2022-01-16,64844,62426,60950,60214,60263,60949,61725,62306,62843,61780,60530,58539,56611,56720,57938,60448,64468,68146,70090,69652,68806,67515,67341,67809
2022-01-17,65229,63079,61886,61731,62583,64586,68725,76147,85448,87148,85105,82332,78752,82782,85332,86308,87967,86528,84291,81766,78815,75340,73669,74574
2022-01-18,71643,69542,68262,67907,68326,70033,73689,79692,87579,87313,84823,81467,76578,78714,79818,81714,85930,86289,84852,82169,79500,76024,74437,75535
2022-01-19,72236,70174,68669,68307,68632,70155,73495,79267,86911,87603,86573,84455,80358,83728,85814,86645,88076,85825,83780,81218,78800,75513,73907,74890
2022-01-20,71843,69998,68928,68381,68812,70398,73834,79506,87239,87886,85665,82000,76650,78390,79301,81052,84787,85103,84301,82147,79539,76039,74440,75274
2022-01-21,72094,70035,68777,68327,68636,70283,73820,79560,86522,85638,83449,79990,75051,77069,78275,79776,82780,82205,81065,78875,76991,74093,72774,73671
2022-01-22,70388,68074,66593,65751,65697,66393,67881,69474,72105,71880,71131,69310,66381,66584,67040,67663,68765,69377,70146,69645,68516,66693,66504,67494
2022-01-23,64528,62103,60483,59865,59885,60517,61399,61977,62603,61850,62010,60266,58746,59246,59541,60918,62986,65470,67726,67538,66712,65511,65351,65531
2022-01-24,62910,60698,59552,59387,60105,62170,66328,73139,81916,83089,82014,80115,76943,80252,81881,82089,82953,81415,80005,77720,75122,72113,70379,70926
2022-01-25,67304,64873,63700,63385,63858,65573,69104,74242,82512,85955,86241,85356,82227,84643,84792,84191,84203,82135,80685,78126,75607,72171,70759,71423
2022-01-26,67984,65675,64470,63940,64781,66545,70285,75741,82737,82984,81005,77798,73081,75040,76128,77142,79809,79782,79204,77494,75632,72636,71127,71833
2022-01-27,68422,66173,64873,64406,65074,66954,70504,76294,82938,82071,79443,75923,71259,73803,74681,75782,79744,80353,80063,78202,75963,73084,71711,72448
2022-01-28,69048,66681,65302,64987,65504,66989,70451,75951,82283,80789,77579,74221,69561,70940,71043,71798,74878,75248,75419,73960,72687,70375,69366,70287
2022-01-29,67085,64642,63236,62583,62606,63327,64548,65787,66802,63908,61884,59714,56657,56064,56445,58286,62254,65685,68009,67666,66529,64954,64911,66200
2022-01-30,63498,61003,59666,58954,59118,59776,60780,61401,60170,56379,55559,53639,51519,51124,51648,54143,58488,62530,65026,64822,64171,63281,63628,63911
2022-01-31,61339,59035,57568,56897,56823,57455,58056,58434,56576,51819,50235,48268,47116,47012,47771,50175,54496,58198,60474,60452,59826,59373,59935,60395
2022-02-01,57695,55469,54013,53355,53391,54069,55008,55646,54708,51310,49977,48697,48147,48309,48950,50432,52820,55561,58112,58326,58415,58112,58795,59840
2022-02-02,57484,55481,54219,53509,53465,54200,55050,55703,55868,54367,54075,51913,50015,49611,49835,51614,56111,60644,63799,63781,63184,61910,61755,61903
2022-02-03,59424,57341,56122,55786,56551,58406,62341,68977,76890,77161,75961,73420,69075,70736,71870,73836,77767,78841,78233,76062,73486,70156,68868,69555
2022-02-04,66481,64336,63165,62809,63371,65098,68637,74443,81795,81851,79902,78032,74139,75954,77186,79351,82614,82366,81068,78681,76463,73122,71706,72612
2022-02-05,69739,67555,66136,65382,65389,66112,67674,69514,71619,70359,69143,66713,63719,64626,66056,67870,70126,71446,73089,72370,70817,68657,68298,69546
2022-02-06,66824,64596,63050,62331,62307,62925,63877,64384,63575,60797,59955,58679,57458,58161,58855,60211,63466,67055,69720,69371,68326,67000,66799,67180
2022-02-07,64526,62643,61626,61096,61857,63989,68325,75482,83823,85655,86887,85216,80082,82866,85055,85694,87351,85329,83575,80486,77326,73625,71942,72892
2022-02-08,69866,67728,66604,65928,66466,68201,71754,77490,84610,85352,83296,78937,73484,75569,76254,77220,80402,81422,81736,79585,77032,73841,72161,72907
2022-02-09,69734,67671,66595,66125,66744,68420,72034,77646,83819,82889,80827,77380,72934,75226,76966,78276,80563,79892,79583,77622,75584,72667,71066,71815
2022-02-10,68290,65930,64742,64292,64856,66432,69846,75401,81626,80141,77536,73930,69181,71497,72387,74001,77638,78767,79132,77511,75223,72550,70964,71849
2022-02-11,68510,66415,65186,64918,65628,67419,70814,76170,81928,80398,77780,74104,69321,70904,71591,73273,76517,76849,76831,75343,73766,71239,69887,70724
2022-02-12,67383,65020,63580,62888,63209,64050,65487,66783,67542,64534,62657,59562,56260,56642,57190,58924,62014,64435,66658,66643,65992,64868,64648,65461
2022-02-13,62250,59791,58345,57959,58183,59060,59875,60076,59623,56699,56157,54981,54402,55826,57263,58405,59892,62250,65156,65396,64819,63818,63554,63638
2022-02-14,60888,58796,57633,57444,58201,60506,64826,71371,78914,79229,77419,74955,71299,74204,75470,76572,79159,78815,78050,76062,74049,71358,69900,70742
2022-02-15,67249,64999,63841,63575,64179,66145,69897,75552,82761,83893,82358,79817,75852,78383,79556,80639,82983,83164,82931,80752,78241,74748,72915,73971
2022-02-16,70645,68629,67411,66769,67160,68841,72438,77845,85017,86687,85694,83124,78676,80696,81655,82636,85266,85062,84536,82424,79945,76231,74814,75844
2022-02-17,72553,70409,69074,68257,68625,70105,73544,79240,85941,86434,84431,81081,76354,78199,79225,80070,83203,84035,84330,82220,79352,75827,74134,75319
2022-02-18,72138,69989,68729,68231,68580,70087,73482,78733,84166,82801,80624,77130,72084,73703,74704,76342,79380,79208,78887,77334,75383,72461,70773,71929
2022-02-19,68450,66063,64683,63828,63728,64582,65999,67437,69262,69967,70632,68724,64895,64404,64336,64825,66418,67986,69926,69874,69127,67866,67173,68412
2022-02-20,65597,63398,61985,61583,61646,62315,63245,63596,62100,58910,58037,55842,54156,54017,54790,57167,61255,65926,69270,69629,68866,67716,67448,67326
2022-02-21,64732,62620,61586,61242,62022,64165,68407,74982,82049,82120,80681,78451,75733,79004,80041,81005,82900,82143,81902,79876,77541,74958,72781,73767
2022-02-22,70642,68446,67244,66656,67298,69081,72682,78094,83076,81934,80483,77597,73560,76596,78444,79637,82696,83234,83250,81282,78754,75926,73596,74496
2022-02-23,71199,69090,67908,67403,67941,69506,73110,78474,85209,85491,83778,80780,75093,76577,77122,78457,81719,82689,82755,81152,78773,76016,73838,74807
2022-02-24,71539,69356,68150,67793,68405,69914,73316,78348,83455,81953,80135,76982,72467,74721,75236,76287,79541,80699,81268,79798,77471,74796,72499,73419
2022-02-25,70022,67771,66422,66044,66528,68013,71449,76163,80824,79707,77735,74336,70017,72468,73425,74626,77096,76504,76480,75304,73715,71672,70048,70873
2022-02-26,67374,64904,63524,62796,62979,63791,65089,65964,66340,63476,62169,59887,57385,58244,59196,60763,63050,64491,66533,66353,65416,64365,64061,65266
2022-02-27,62244,59842,58452,58010,58478,59274,60208,60187,56627,52772,52156,49994,48613,48403,49220,51608,55472,60428,64194,64965,64467,63784,63511,63461
2022-02-28,60633,58469,57285,57036,58137,60194,63932,69023,73959,73310,72098,69727,66017,68747,71958,72270,72716,71946,72509,71394,69813,68102,66681,67445
2022-03-01,63903,61338,59853,59490,59873,61009,62441,64376,67236,68015,67735,66098,63469,64156,63927,63975,64991,66516,69364,69920,69114,67883,67023,66831
2022-03-02,63736,61728,60575,60461,61403,63472,67321,73078,77502,76252,73711,70590,66110,66977,67606,69471,72694,75203,76709,75742,73495,71335,69891,69652
2022-03-03,65883,63582,62385,62046,62761,64582,68215,73259,77182,75410,72270,68812,64353,65504,66318,68163,71575,74008,75584,74959,72723,70589,69188,68866
2022-03-04,65178,63046,61964,61739,62399,64236,67752,72567,78189,78177,74557,69725,64688,66031,68138,70706,72966,73660,73740,72617,70666,68685,67260,67052
2022-03-05,63501,61079,59748,59217,59662,60800,62331,63175,61935,58666,57580,55331,52630,53014,53820,55522,58771,62301,65855,66379,65705,64822,64645,64925
2022-03-06,61643,59075,57569,57075,57512,58438,59193,58516,54584,51040,50546,48812,47557,47414,48368,50707,54688,59589,63576,64709,64139,63469,63404,63033
2022-03-07,59959,57758,56726,56541,57519,59914,64094,70581,77080,77345,75235,72269,67895,68914,69589,71231,74373,76130,76939,75639,72987,70886,69605,69256
2022-03-08,65551,63475,62367,62102,62741,64612,68045,72530,76762,75515,72571,69070,64627,65734,66688,68457,71616,73487,74849,74010,71661,69954,68959,68640
2022-03-09,64674,62504,61146,60763,61344,62508,63807,64378,63378,60856,59499,56886,54014,54777,55459,57418,60403,63655,66840,67781,66981,66070,65819,65270
2022-03-10,62048,59970,58840,58653,59198,60843,64256,69088,73845,73237,70814,68433,64579,65879,66393,67660,70181,71589,72838,72443,70136,68437,67070,66271
2022-03-11,62613,60678,59685,59300,59990,61711,64943,69475,74279,74509,73088,70187,66486,67928,68498,68500,70077,70308,70906,70407,68656,67059,65652,65171
2022-03-12,61261,58974,57697,57226,57631,58605,59631,60291,61007,59756,58213,55802,53342,54451,55747,56965,57953,59415,61586,62118,61312,60665,60118,60007
2022-03-13,56445,54045,52706,52254,52594,53482,53977,54791,55997,57389,58900,58988,58813,58721,58247,57776,58225,59497,61094,61436,60582,59735,59208,58539
2022-03-14,55327,53241,52339,52200,53132,55477,59407,65161,72452,75162,74708,74182,73059,76144,76789,76355,76400,75155,74114,72589,69986,67837,66347,65988
2022-03-15,62370,60041,58923,58732,59526,61351,64614,68601,71607,69916,67556,64534,60552,62021,63020,64713,68385,70588,71988,71724,69578,67637,66436,65766
2022-03-16,61843,59708,58841,58596,59293,61213,64594,68092,70966,69167,66726,63695,59723,61216,62442,64972,68509,69629,70725,70570,68909,67295,65861,65004
2022-03-17,60990,58764,57535,57369,58025,59595,62608,67413,73709,75575,75015,73811,71005,73215,73850,74131,74478,74054,73798,72645,70179,67904,66556,65979
2022-03-18,62204,59885,58638,58320,59024,60801,63810,68998,75224,76980,75891,74230,71437,74687,75020,75042,75222,73686,72952,71934,69551,67633,66362,65864
2022-03-19,62236,59714,58352,57955,58414,59273,60300,61978,65060,66374,66838,65405,62585,62890,62753,62841,62796,62914,64257,64752,63738,62758,62333,62506
2022-03-20,59299,56806,55375,54792,55050,55909,56404,56292,55609,54824,55202,54600,53317,52360,51732,53088,55095,58090,61476,62882,62484,61597,61261,60786
2022-03-21,57697,55407,54467,54342,55209,57388,61392,66323,70620,70216,69092,68016,64742,67530,69524,72203,74381,74115,74219,73350,70876,68660,67219,66563
2022-03-22,62741,60755,59617,59230,60058,62043,65165,68849,72349,70943,68089,65204,61367,63041,64326,66835,69964,71257,72979,73197,71008,68961,67541,67050
2022-03-23,63175,60830,59654,59228,59948,61525,64579,69812,76601,78217,76463,73903,69433,70688,72021,72403,72662,72479,73350,72999,71070,69144,67970,67413
2022-03-24,63626,61409,60217,59756,60516,62185,64873,68667,73156,72611,71086,68793,65205,65926,65997,66952,69177,70436,71591,71898,70076,68121,66857,66186
2022-03-25,62378,60112,58820,58527,59209,60944,63894,67526,71135,70550,68793,67478,65469,68423,69256,70284,70821,69880,69818,69466,67785,66272,65093,64921
2022-03-26,61025,58529,57183,56486,56679,57381,58225,59337,61519,62291,62100,61212,59517,59244,58112,57567,58041,59239,61168,62015,61335,60574,60156,60106
2022-03-27,56846,54455,53172,52580,52972,53968,54227,52669,49525,46645,46371,45114,44272,44927,45508,47547,50592,54676,58541,60623,60132,59412,59291,58498
2022-03-28,55367,53412,52396,52430,53335,55667,59419,63662,67504,66968,66016,64288,59989,60837,61416,63020,66245,68747,70390,70765,68920,67140,65976,65202
2022-03-29,61384,59372,58236,57999,58651,60661,63442,66124,68251,66465,64531,61997,58401,59957,61079,62890,65823,68153,69816,70311,68456,66783,65567,64789
2022-03-30,60692,58539,57472,57108,57731,59518,62402,65758,69552,69621,68868,67196,63872,66795,68982,70020,71112,70361,70035,69728,68022,66516,64737,63880
2022-03-31,59791,57771,56738,56297,56990,58652,61594,65651,70138,69713,68963,67791,65150,67577,68550,68430,69451,69759,70463,70618,68767,66964,65552,64630
2022-04-01,60904,58817,57613,57356,58043,59745,62560,65298,67353,65717,64025,62089,59095,62061,63240,64279,65915,66974,68152,68838,67650,66350,65279,64535
2022-04-02,60773,58376,57215,56720,57010,58065,58869,57553,55056,52601,51540,49734,47736,48136,49026,50752,53910,56982,59989,61732,61447,60741,60448,60362
2022-04-03,57010,54631,53537,53042,53350,54349,54772,52634,48954,46344,45982,44366,43441,43588,44719,46916,50478,54458,58100,60275,60331,59797,59303,58449
2022-04-04,55380,53366,52375,52310,53201,55271,58883,62299,65162,64461,62671,60118,56739,58475,59864,61950,65137,67549,69408,69891,68212,66648,65330,64465
2022-04-05,60716,58719,57775,57383,58089,59939,62529,64985,67600,66485,64907,63064,60051,62030,62979,64851,67686,68651,69851,70446,68512,66716,65356,64749
2022-04-06,60694,58620,57415,57023,57766,59538,62209,64637,67055,65501,63279,60751,57489,59441,60833,62824,65529,67110,68414,69222,67952,66355,64986,63726
2022-04-07,59585,57486,56461,56286,56839,58424,61245,65118,68741,67560,63681,60369,56872,58731,59977,62145,65383,67475,69176,69860,68193,66416,65136,64025
2022-04-08,59934,57741,56911,56584,57292,58893,61375,62912,64382,62931,61367,59121,55849,57498,58686,60816,63588,65329,66432,67293,66044,64765,63444,62711
2022-04-09,58837,56623,55447,54824,55138,55865,56534,55422,54609,52609,51505,49512,47777,48644,49487,51188,53872,56129,58380,60137,59793,59026,58429,57716
2022-04-10,54190,51920,50639,50108,50386,51112,51437,49650,46986,45183,44889,43736,43256,44271,45783,48046,50937,53712,56574,58490,58439,57650,56688,55346
2022-04-11,52223,50415,49395,49245,49931,51866,55098,58474,61732,61726,61126,59931,57299,59752,61548,63500,66112,67608,68418,68823,67043,65122,63261,61671
2022-04-12,57651,55682,54795,54435,54979,56518,58975,62000,64573,63827,62407,60945,58233,60791,62512,64707,67691,69116,69958,69824,67820,65739,63686,61977
2022-04-13,57898,55929,55001,54636,55070,56360,59354,63739,69042,70665,70697,70500,68473,70813,71497,71564,71881,70632,69883,69309,67498,65497,63905,62726
2022-04-14,59025,56915,55930,55617,56130,57485,60487,65046,70325,71338,70656,69186,65633,66077,66027,66632,68615,69394,69862,69721,68149,66128,64411,63169
2022-04-15,59106,56964,55874,55361,56105,57630,60109,62388,64100,62599,60857,58532,55411,57593,59670,61836,64269,65459,66554,67136,65995,64753,63625,62686
2022-04-16,58680,56614,55412,54704,54996,55773,56102,54716,52979,50966,50464,49019,47013,47734,48232,50111,52785,55319,57948,59946,59901,59183,58606,57961
2022-04-17,54550,52256,51117,50600,51211,52178,52060,49542,46591,44421,44226,43136,42448,42844,44007,46185,49723,53510,56479,58733,58751,58020,57123,55894
2022-04-18,52671,50576,49765,49620,50448,52243,55488,59402,64044,64638,63153,61314,57906,59521,60293,61705,64461,66089,67299,67906,66557,64933,63381,62179
2022-04-19,58276,56329,55470,55172,55881,57364,59553,61381,63118,61969,60350,58458,55685,58246,59921,62056,64947,66751,67954,68498,67018,65343,63570,62407
2022-04-20,58458,56472,55551,55315,55959,57368,59561,60629,62023,61148,59858,57976,55287,57752,59474,61561,64525,65908,66976,67702,66647,64964,63281,62094
2022-04-21,58093,56296,55274,54976,55482,56748,59136,62237,65878,66435,65925,65582,63325,64234,64013,64111,65267,66714,67676,68549,67152,65302,63562,62115
2022-04-22,58126,56218,55184,54793,55302,56587,58720,60889,63404,63118,62399,61339,59221,62013,63303,64358,66134,66574,66619,67015,65671,64085,62620,61497
2022-04-23,57649,55361,54146,53552,53665,54196,54777,54398,54429,53275,52636,51255,49363,50670,51550,52951,54666,55807,57407,58909,58789,58076,57293,56375
2022-04-24,52802,50783,49687,49194,49268,49799,50299,49217,47390,45526,45363,43916,43377,44233,45324,47569,50784,54032,56499,58501,58487,57454,56327,54804
2022-04-25,51681,49969,49085,48851,49526,51272,54281,58030,62504,62712,62147,61589,60323,64687,67250,68391,69646,69176,68826,68777,67060,65032,62974,61796
2022-04-26,57915,56390,55265,54778,55019,56130,59006,62949,67549,68602,68000,67267,65028,67103,68230,69048,69997,69301,69104,69408,67694,65576,63242,61801
2022-04-27,57966,55776,54973,54536,54997,56090,58043,59791,61717,61199,60438,58697,56213,59131,60950,63055,65561,66416,66681,67404,66432,64636,62820,61664
2022-04-28,57796,56176,55194,54761,55094,56090,58009,59938,62037,61439,60563,59417,57570,61031,64087,65403,67093,67436,67765,68086,66568,64623,62611,61264
2022-04-29,57465,55599,54682,54365,54869,55904,59150,63673,67684,67249,64187,61751,60025,63000,64266,65292,66719,66462,66284,66488,65339,63902,62297,61355
2022-04-30,57594,55486,54209,53596,53605,53969,54447,54392,54694,54247,53749,53261,51968,52791,52698,53489,54523,55472,57204,58749,58925,58133,57192,56508
2022-05-01,53319,51229,50043,49507,49595,50016,49919,47587,44627,42789,42815,41617,41410,41927,43430,45394,48451,52086,55119,57283,57628,56964,56013,54844
2022-05-02,51736,49806,48870,48617,49254,51035,53792,56466,59242,59311,58689,58205,56083,58606,60126,61614,64233,65553,66645,67357,66457,64676,63059,61769
2022-05-03,57998,56164,55234,54966,55350,56509,58315,59643,61212,60499,59361,57402,54825,57528,59215,61091,64101,66017,67381,68221,67132,65422,63630,62324
2022-05-04,58553,56651,55785,55449,55755,56608,58288,59576,61332,60716,59716,58316,55846,58423,60144,61967,64475,65740,66086,66896,66049,64653,62957,61865
2022-05-05,58085,55940,54772,54151,54347,54830,55063,53742,52852,51888,51934,50805,49051,50617,52084,54037,56575,58588,60638,62175,62398,61385,60187,58641
2022-05-06,55359,53480,52448,52065,52351,53340,54613,55702,57691,57639,57592,56971,55309,57500,59007,60522,62645,64313,64718,65275,64369,62645,60875,59914
2022-05-07,56519,54445,53252,52674,52674,52874,53473,53484,54000,53365,52918,51028,49000,49272,49772,51045,52824,54942,56726,58188,58240,57344,56530,55851
2022-05-08,52664,50707,49558,48835,49050,49265,49409,48574,47045,45965,46547,45477,45198,46362,47749,49435,51517,53963,55855,57290,57573,56862,55807,54475
2022-05-09,51608,49881,48888,48647,49332,50858,54016,57925,61877,61223,60114,59182,57055,59816,61944,63832,65921,67120,67830,68295,67221,65394,63263,61949
2022-05-10,58113,56235,55346,54864,55193,56107,58489,61089,63677,62667,61099,59320,56609,59260,61457,64058,67030,67837,68154,68449,67214,65286,63217,61757
2022-05-11,57773,55694,54643,54500,54627,55187,57479,59833,62845,63006,62642,61999,60412,63859,65465,67101,69165,69284,68826,69133,68042,66115,63984,61968
2022-05-12,57880,56196,55245,54928,55083,55852,58131,61099,64306,65098,65163,64246,61792,63888,65832,67774,69495,68983,69218,69519,67948,65748,63517,61774
2022-05-13,58013,56165,55203,54842,55218,56166,58611,62024,66321,67870,68089,67843,66122,69142,70217,69626,69050,68102,67308,67650,66745,64808,62578,61391
2022-05-14,57650,55894,54702,53965,53937,54145,54240,52748,51863,50557,50688,49547,47796,49085,50647,52017,54151,55945,57726,59256,59523,58566,57402,56564
2022-05-15,53324,51335,50232,49641,49764,49878,49629,47874,45897,44242,44193,42968,42720,43359,44457,46498,49608,53097,55783,57685,58322,57433,56202,54728
2022-05-16,51720,49888,49095,48850,49518,50970,53496,56261,59568,59968,59578,58276,55934,58912,61119,63352,65837,67253,67863,68158,67325,65178,63073,61495
2022-05-17,57892,56121,55351,54971,55244,56101,57915,59638,61972,62012,61296,60129,58093,61775,64093,66299,68507,69125,69574,69600,68334,66411,64095,62602
2022-05-18,58881,57048,56184,55628,55786,56508,58458,60594,63851,64861,64641,62769,60191,62747,64099,65674,67914,68562,69002,68978,67954,66165,63972,62577
2022-05-19,58806,57024,56001,55417,55482,56089,57924,60816,64534,65566,65570,64731,62263,64598,66047,66646,68118,68633,68747,68981,68162,65895,63579,61865
2022-05-20,58165,56246,55273,54739,54957,55796,57776,60723,64587,65132,64572,63017,60739,63195,64530,65868,67401,67700,67693,68021,67340,65508,63126,61829
2022-05-21,58127,56226,54978,54183,53977,53994,54247,53567,53604,53092,53189,52203,50967,52426,53255,54483,56280,57905,59764,60819,60962,59703,58214,57044
2022-05-22,53523,51442,50189,49526,49424,49652,49746,48511,47283,46569,46946,46223,46310,47242,48510,50527,53381,56337,58628,59976,60232,58786,57226,55336
2022-05-23,52570,50789,49934,49437,49832,51160,53954,57754,62499,63937,64141,63745,62267,66311,68675,70415,72122,71842,71440,71060,69413,66855,64477,62611
2022-05-24,58619,56844,55846,55263,55394,56233,58177,60291,63656,64823,64924,64124,62124,65387,67628,69749,72169,72576,72254,71677,70204,67552,64689,62820
2022-05-25,58906,56974,56014,55454,55603,56373,58392,60846,64629,65919,66145,65691,63921,67621,69206,70500,72543,71945,71199,70755,69399,67138,64502,62571
2022-05-26,58785,56853,55855,55225,55162,56086,57723,60065,63590,63837,63208,61835,59401,62254,64070,65769,68154,69085,69479,69456,68335,66124,63761,61908
2022-05-27,58036,56277,55331,54702,54921,55707,57815,60090,63307,63428,63535,62478,60534,63216,64593,66329,68166,68818,68965,68664,67914,65951,63576,61910
2022-05-28,58321,56237,54920,54036,53891,53859,53882,53529,54302,54206,54892,54627,53498,54878,55448,56173,57910,59360,60818,61710,61737,60286,58434,57113
2022-05-29,53793,51773,50491,49789,49718,49824,49887,48704,47661,47081,48309,48114,48310,49689,50659,52385,54788,57551,59674,60752,60954,59750,57787,55763
2022-05-30,52918,51165,50185,49685,49976,51201,54662,59938,66616,69144,69655,69781,67411,70619,72081,72561,73136,72113,71339,70641,69005,66415,63611,61814
2022-05-31,58209,56169,55198,54699,54659,55379,57328,59120,62622,63703,63823,62641,60559,63350,65263,66986,69184,69890,69654,69177,68063,65823,63512,62000
2022-06-01,57833,56123,55032,54125,54047,54111,54493,54398,54966,55315,56276,55427,54094,55840,56987,58521,60579,62300,64087,64810,64742,63332,61345,59132
2022-06-02,55920,54241,53068,52582,52871,53854,55846,58602,62530,63793,64008,63332,61324,64593,66497,68210,70970,71717,71545,70918,69374,66743,64216,62871
2022-06-03,58872,56977,55752,55096,55182,55831,57981,60796,64491,65047,65294,64659,62838,66243,67985,69691,72128,71880,70846,70230,68949,66443,63794,62667
2022-06-04,59009,56740,55335,54437,54103,53952,54016,53730,53974,53636,54771,54927,54926,56380,57806,58538,59730,59938,61168,62216,62412,60687,58683,57496
2022-06-05,54521,52342,51029,50182,49828,49993,50825,51365,52134,52776,54091,55010,55566,56307,56351,56460,56876,57284,58122,58600,58583,57468,56117,54562
2022-06-06,51651,49972,48927,48414,48464,48990,50290,51988,54854,56615,58061,57351,54612,54701,55479,56057,57243,58494,60403,61514,61814,60456,58604,56486
2022-06-07,53025,51316,50415,49867,50105,51320,53730,57398,62269,64426,65592,66369,64902,67764,69310,69708,70528,69802,69144,68547,67143,64734,62317,61142
2022-06-08,57574,55866,54825,54203,54306,55057,57245,60443,64794,65860,65477,64949,62685,65536,65759,65824,66640,67213,68151,68480,67783,65681,63157,61821
2022-06-09,58150,56115,55216,54699,54918,55831,57799,60830,64592,65060,64548,63646,62134,65724,67827,68798,69895,69993,69669,69523,68653,66324,63717,62104
2022-06-10,58634,56524,55482,54885,54931,55664,57608,60339,64013,64865,65381,65766,64536,68184,69681,70619,71317,69990,68853,68325,67701,65488,62768,61797
2022-06-11,58379,56238,54761,53925,53613,53626,54088,54407,54876,54426,55015,54161,53321,55088,56078,57695,59512,59900,60855,61678,62034,60434,58371,57468
2022-06-12,54107,52061,50618,49803,49653,49731,49679,48563,47649,47537,48966,49599,50721,52042,52846,54516,56512,58378,59902,61027,61303,59855,57707,55921
2022-06-13,52979,51127,50106,49735,49977,51147,54278,59170,65448,68014,68077,67799,65429,68669,69374,69723,71209,71248,70498,69963,68661,66045,63330,61602
2022-06-14,57944,56187,55026,54387,54602,55437,57942,62101,67245,69468,69564,69331,67628,70463,71478,71108,71477,70693,69545,69097,67774,65308,62705,61320
2022-06-15,57935,56001,55096,54477,54501,55160,57777,61778,66934,68861,68167,66915,64081,65949,67004,67807,69305,69291,68997,68943,68159,66151,63711,62130
2022-06-16,58347,56715,55534,54932,55111,55945,58458,61667,65643,66260,65975,65354,62488,64942,66785,68011,70139,70645,70925,70576,69542,67237,64430,62904
2022-06-17,59145,57103,55992,55437,55482,56123,58196,61595,66356,68344,68543,67763,65323,68488,70527,72157,73461,72574,72038,71513,70573,68156,65182,63762
2022-06-18,59923,57738,56229,55520,55156,54967,55557,55892,57349,58535,59404,58882,57890,59602,60177,59860,61074,62077,63632,64277,64150,62454,60426,59027
2022-06-19,55671,53578,52098,51352,51048,51054,51645,51624,51847,52880,53997,54332,54236,54640,55115,55907,57991,60673,62816,63966,64298,62857,60397,58038
2022-06-20,54845,52918,51768,51460,51515,52763,55847,60694,67486,71076,71809,71390,69338,72613,74234,75342,77379,77816,77000,76019,74153,71044,67690,65642
2022-06-21,61470,59177,57921,57185,57171,57834,60240,64245,69900,72679,73504,73611,71707,75187,77294,78727,81164,81151,79777,78478,76601,73102,69225,67094
2022-06-22,62703,60424,58952,58057,58103,58646,61136,65231,70750,72998,73827,73521,71887,75694,77186,78929,80943,80334,79211,78692,76992,73730,69943,67585
2022-06-23,63261,61068,59365,58518,58315,58986,61630,66418,73636,78509,80733,81123,79140,81867,83449,83066,83188,81620,79926,78618,76454,73212,69593,67490
2022-06-24,63252,61162,59541,58597,58439,59037,62054,66890,73400,75947,75887,75605,73756,75196,75069,75251,76122,76057,75216,74696,73663,71042,67604,65589
2022-06-25,61539,59326,57620,56567,56236,56107,56937,58040,60140,61516,63630,63791,62883,64533,65794,66346,67370,68268,69074,69554,69044,66974,64477,62528
2022-06-26,58620,56151,54332,53335,52999,52967,53708,54872,56539,58530,60544,61496,61613,61929,61836,62492,63175,65315,67879,68768,68906,66786,63843,61155
2022-06-27,57801,55511,54164,53646,54043,55549,59690,66584,75430,80360,82552,82830,80158,83452,84201,84395,84742,83016,81668,80672,78900,75276,71420,69076
2022-06-28,64691,62319,60675,59815,59811,60606,64060,69457,76818,81246,82060,81757,79758,82271,82882,83033,84057,83517,82437,81828,80006,76619,72777,69745
2022-06-29,65199,62669,61249,60201,60321,61076,64605,70208,77780,81909,82476,82471,80225,82976,83759,84062,84492,83299,82020,81210,79432,76133,72335,69543
2022-06-30,65034,62749,61081,60101,59898,60766,63937,68918,75912,79517,80282,80016,77913,80411,81490,81916,82731,81841,80598,79831,78294,75317,71590,68865
2022-07-01,64090,61589,60197,59388,59254,60033,62830,67014,72924,76107,77412,77465,76018,79024,80629,81348,83213,83309,82397,81375,79892,76593,72875,70273
2022-07-02,65568,62647,60586,59363,58699,58409,59242,60080,61807,63661,66177,66921,66544,67888,68684,69761,71484,73028,74528,74981,74558,71798,68469,66060
2022-07-03,61594,58711,56849,55509,55027,54687,55094,55213,56157,58225,61255,62229,62906,64550,65850,67530,69686,72019,74007,74468,74142,71709,68104,64620
2022-07-04,60425,57960,56511,55679,55839,57239,60948,67596,76132,81169,83617,84352,82865,86142,87381,87800,89337,88911,87641,86667,84425,80561,75931,72626
2022-07-05,67710,64843,63247,62125,61980,62764,65923,71649,79429,83135,84590,84976,83449,87568,88966,89645,90855,90153,88626,87877,85527,81577,76900,73149
2022-07-06,68120,65403,63694,62589,62560,63232,66577,72133,80140,84443,86032,85984,83825,86940,88676,89683,91454,91938,91173,90451,88353,84350,78788,74966
2022-07-07,69707,66676,64821,63829,63427,64108,67462,73048,80998,85394,86640,87177,86084,90253,91518,91953,92990,91930,90383,89226,86839,82710,77931,74499
2022-07-08,69535,66589,64683,63303,63033,63876,67374,73701,81707,85454,85754,85599,83087,85244,85904,85777,86475,85860,84478,83725,82211,78619,74497,71634
2022-07-09,66919,64101,62164,60836,60227,60041,61175,62296,64756,66934,69139,69805,69096,70283,70810,71288,72222,73244,74660,75216,75055,72538,69356,67048
2022-07-10,62676,59850,57920,56630,56101,55917,56150,56753,58148,59863,62843,63448,64200,65499,66790,68872,70977,73374,74987,75168,74634,71781,68241,64822
2022-07-11,60731,58179,56721,55930,55973,57407,61875,69169,78612,83444,84314,83621,80560,83109,84714,85939,86943,86388,85141,84222,82141,78509,74015,70925
2022-07-12,66273,63608,62036,60854,60808,61576,64568,69565,77162,81685,82939,82860,80848,83902,85502,86133,87250,86560,85322,84545,82455,78676,74201,71107
2022-07-13,66588,64067,62577,61621,61528,62284,65738,71175,78923,83279,84474,83884,81309,84403,85034,84114,83791,82448,81058,80588,78925,75702,72201,70066
2022-07-14,65754,63546,62023,61065,60868,61784,65113,70515,78184,81699,82492,81652,79367,82161,83489,83837,85355,85530,84447,83311,81029,77486,73152,70118
2022-07-15,65377,62979,61363,60346,60320,60910,63696,68282,74868,77492,77974,77462,76026,79580,80901,81489,83276,83221,81957,80918,79316,76142,72296,69595
2022-07-16,65168,62416,60664,59410,58942,58754,59479,60366,62704,64409,66181,67152,66099,67099,67600,68499,69014,69722,70791,71327,71223,68787,65767,63796
2022-07-17,59875,57456,55846,54880,54477,54511,54978,55459,56435,58164,59920,60329,60161,62395,63968,64858,65907,67783,69527,70361,70362,68236,65213,62617
2022-07-18,58985,56748,55530,54823,55056,56456,60803,67809,76824,81650,82792,82848,80379,82990,83578,83020,83098,82843,81211,80244,78069,74623,70880,68426
2022-07-19,64222,61817,60404,59630,59547,60460,63559,68436,75957,79131,79257,79094,76641,79666,81430,82198,84433,84634,83517,82462,80322,76494,72250,69669
2022-07-20,65410,63101,61478,60614,60338,61195,64027,68902,75802,78773,79069,78998,77090,80380,82178,83384,85479,85756,84272,83683,81598,77662,73387,70558
2022-07-21,65922,63253,61630,60573,60277,60910,64041,69276,76295,79899,80984,81138,78891,81415,82156,81743,81869,81231,80016,79337,77103,73884,70201,68144
2022-07-22,63921,61608,60354,59356,59412,60240,62998,67590,73853,77041,77507,77010,74693,77137,78677,79322,80509,80076,78984,78383,76893,73712,69977,68000
2022-07-23,63831,61330,59695,58607,58293,58283,59090,60180,62689,64746,66540,67036,66581,68356,69410,69762,69117,69231,69755,70266,69509,67058,64280,62650
2022-07-24,59144,56804,55259,54314,53951,54029,54963,56029,57711,59620,61184,61865,61955,63080,63923,64286,65228,67314,68975,69817,69521,67162,64455,61861
2022-07-25,58392,56191,54905,54247,54429,55829,59399,64935,73262,77732,78211,77603,75545,78362,80086,81156,83333,84338,83907,82809,80692,76605,72243,69567
2022-07-26,65123,62327,60697,59801,59916,60586,63508,68381,75644,79406,80503,80765,78828,81899,83321,84396,86650,87347,86646,85560,83212,79100,74510,71568
2022-07-27,66871,63994,62235,61314,61018,61673,64280,68862,75588,78823,79936,79664,77612,80431,82134,83379,85217,85507,84938,84314,82163,78095,73701,71065
2022-07-28,66281,63694,62045,60846,60634,61348,64232,68802,75234,78787,80139,80812,79282,82411,84360,85744,87071,87405,87009,86442,84216,80199,75572,72587
2022-07-29,67837,64998,63025,61953,61841,62672,65514,69929,76573,80635,82540,83386,82060,84407,85614,86305,87605,87488,86675,86236,84695,80925,76200,73062
2022-07-30,68156,64937,62744,61103,60196,59900,60937,62251,64962,67995,71429,73372,73898,75069,75703,75810,75100,75434,75920,76651,76055,73226,69913,67589
2022-07-31,63171,60323,58321,56950,56325,56290,57093,58731,61276,64303,66504,68245,69068,69359,68504,68199,68421,70026,71470,72224,71663,69298,66226,63510
2022-08-01,59730,57266,55729,54760,54730,55713,58694,63280,69009,72358,74011,75031,75713,77565,78673,79080,79497,80055,79181,78903,77266,73890,69858,66751
2022-08-02,62710,59847,58125,57292,57100,57913,60752,65155,70718,73926,74990,75515,75036,75372,75709,75687,76863,77800,77645,77981,76299,72891,68881,66418
2022-08-03,62523,59884,58168,57228,57162,57903,60567,64543,70101,73666,74756,75277,75047,76611,77823,78532,79851,81174,81004,81013,79266,75361,71215,68323
2022-08-04,63955,61069,59329,58195,58022,58822,61815,66395,73184,77285,78725,78962,77815,79952,81594,82924,84790,85866,85582,85132,82676,78471,73663,70720
2022-08-05,66162,63175,61422,60194,60017,60717,63510,68481,75644,79781,80839,81496,80194,82159,83182,83838,85793,86550,85559,85370,83191,79113,74692,71965
2022-08-06,67577,64493,62563,61124,60408,60556,61742,63696,67325,70085,72240,72570,71629,72729,73618,74610,76273,78099,79575,80391,79413,76236,72320,69613
2022-08-07,65158,62048,60106,58732,58180,58120,58995,60389,62454,65174,67871,68405,69195,70846,72272,73631,74636,76442,77765,78998,78396,75451,71579,68305
2022-08-08,64065,61413,59844,58825,58971,60312,64308,71168,80986,86101,87550,87929,85945,88088,88988,89052,89263,88682,87654,86920,84404,80414,75948,73129
2022-08-09,68613,66023,64255,63187,63145,63892,67202,72663,80500,84633,85576,85914,84446,86969,88054,87811,87915,88479,87358,86199,83406,79344,75063,72026
2022-08-10,67389,64688,63007,61992,61748,62374,65471,70551,78336,82858,83832,84123,82125,84555,85666,85364,85237,84484,83140,82764,80387,76970,73153,70684
2022-08-11,66370,63880,62308,61344,61099,61961,65169,71150,79045,84194,85492,85333,82887,84878,85242,85078,85376,84673,83125,82462,79784,76214,72485,70245
2022-08-12,65846,63365,61781,60723,60540,61463,64392,68864,75458,78980,79685,79945,78061,80252,81584,83106,85146,85622,84462,83810,81428,77336,73145,70509
2022-08-13,65937,63019,61164,59883,59209,59522,60335,62033,64962,67613,70579,72240,71387,73275,73734,73026,71921,71908,73062,73973,73240,70801,67851,65857
2022-08-14,62119,59613,57999,56807,56402,56571,57056,57959,59653,61813,63842,64770,65861,67407,68128,68655,69959,72024,73177,74228,73460,71011,67871,65167
2022-08-15,61360,58973,57250,56174,56136,56765,58399,61366,65724,68728,71174,72274,72245,74246,75333,76748,77680,78207,79179,80123,78906,75816,71974,68521
2022-08-16,64202,61554,59904,59142,59244,60308,63737,70297,78986,83244,83697,83488,81571,84151,85124,85473,86440,86350,84969,84039,81116,77002,72718,70091
2022-08-17,65722,62994,61547,60633,60470,61457,64564,70138,77892,82131,82945,82471,80292,82057,82677,82667,84120,84521,83239,82303,79563,75503,71293,69044
2022-08-18,64951,62383,61022,60001,59928,60870,63484,67829,73736,76368,76744,76865,74958,77700,80214,81421,83331,83585,82744,82225,79667,75585,71518,69221
2022-08-19,64997,62618,61132,60228,59970,60943,63708,68340,75302,78582,79820,80901,80011,83222,85078,85880,86684,86259,85172,84984,82393,78785,74691,72287
2022-08-20,67758,64896,63028,61856,61329,61561,62931,65521,69534,72518,74776,75127,73649,74152,73831,73724,73850,74343,75778,76241,74901,71828,68428,66249
2022-08-21,62060,59191,57252,56147,55705,55916,56322,56542,56834,58113,60504,61258,61751,63129,64052,65492,68199,71186,73177,73895,72683,69965,66663,63561
2022-08-22,59843,57476,56031,55243,55341,56930,60681,66804,74380,78062,79390,79730,78311,81842,84106,85057,86844,86110,85019,84366,81282,77295,72740,69834
2022-08-23,65370,63015,61487,60704,60805,61648,64549,70780,79008,83323,84405,84524,82721,85870,86792,86459,86787,85960,84447,83041,79508,75304,71207,68617
2022-08-24,64318,61960,60573,59693,59636,60751,64049,69130,75985,78964,79103,77822,75286,77783,78407,78112,78956,78558,77957,77582,75178,71949,68356,66310
2022-08-25,62594,60652,59447,58607,58494,59638,62611,66962,72764,74724,75464,75162,72709,75445,77289,78093,79448,78679,77569,77129,74552,71339,68004,65932
2022-08-26,62236,60257,59104,58240,58214,59312,61949,65364,70032,71627,72007,71307,69182,72360,74237,75785,77941,77328,76331,75964,73589,70487,67408,65784
2022-08-27,62103,59890,58299,57268,56761,56945,57779,58661,59833,59359,59172,57102,54700,55924,56997,57997,60108,62153,63762,64721,63643,61895,59651,58822
2022-08-28,55562,53414,52109,51206,51027,51470,51893,51290,50029,49428,50341,50317,50500,51542,52920,54780,58054,60939,62867,64159,63451,61835,59508,57691
2022-08-29,54856,53153,52099,51660,51965,53469,56754,62386,69791,73282,74092,74183,71973,74476,75328,75180,74818,73870,73391,73347,71009,68109,65043,63622
2022-08-30,60061,58380,57188,56612,56862,58095,61044,66094,72662,75030,75657,75538,73287,76149,77097,76842,77090,75864,74706,74031,71412,68522,65625,64360
2022-08-31,60584,58697,57533,56986,56975,57865,60794,66194,72269,74564,74990,73958,71062,72925,73973,74256,74700,74131,73624,73582,71339,68648,65533,64108
2022-09-01,60579,58697,57474,56682,56854,58034,60333,64555,70118,73012,73030,72308,70713,73959,75729,76637,78095,77310,76856,76347,73458,70213,66900,64903
2022-09-02,61212,59215,57992,57289,57454,58436,61193,65471,70560,72291,72048,71914,70921,74199,75905,76482,77142,75970,74764,74203,72160,69268,66078,64585
2022-09-03,60864,58755,57351,56509,56259,56639,57369,58314,59872,60980,62153,62186,60958,62688,63799,64902,65694,65714,66454,67164,65817,63615,61320,60060
2022-09-04,56852,54671,53239,52521,52342,52798,53425,54322,55543,56609,57940,58160,58710,59764,60765,62133,63579,64995,66882,67904,66755,64367,61909,59548
2022-09-05,56464,54608,53442,52813,53219,54811,58574,65565,73925,77942,78724,78719,76813,79313,79872,79450,79246,77224,75516,74161,71242,68078,65255,63535
2022-09-06,59857,57838,56409,55347,55217,56111,58620,61981,66833,68415,67514,66247,64644,67390,68891,70154,72284,73602,73552,73136,70328,67488,64766,62997
2022-09-07,59224,57165,56113,55523,55574,56671,59362,62434,66348,67282,66665,65421,63180,66231,68008,70335,73156,73807,73275,72648,70263,67695,64917,63208
2022-09-08,59307,57265,56047,55487,55357,56463,58723,61212,64140,64593,64591,63805,61857,64449,65644,66354,67255,67438,67675,67684,65954,63795,61265,59603
2022-09-09,55848,53474,51804,50630,49961,49784,49633,48568,46915,45384,45687,45078,45116,46007,47278,49698,52799,55187,56877,57299,56390,55011,53313,51472
2022-09-10,48482,46522,45284,44480,44509,45115,45927,46135,45193,43726,43233,42205,42134,42978,44037,45184,47734,50785,52838,53936,53710,52895,51755,50493
2022-09-11,47765,45959,44900,44365,44373,44857,45266,45398,44737,44129,44514,44754,45788,46797,48045,49647,52055,54468,56443,57250,56491,55315,53717,52136
2022-09-12,49324,47412,46149,45469,45560,46308,47178,48277,49875,51169,52976,53847,54476,55807,56540,57145,58191,59478,61184,61792,60769,58824,56635,54717
2022-09-13,51955,50200,49040,48284,48585,50350,53837,59546,66655,69863,71212,71743,70400,73925,75081,75206,75687,74871,74415,73490,70613,67515,64439,62709
2022-09-14,59070,57192,55898,55195,55448,56527,59478,63897,69359,71489,72125,71899,70044,72740,74404,75361,76406,75765,75119,74299,71448,68618,65692,64018
2022-09-15,60239,58330,57211,56514,56622,57931,60793,64604,69474,70949,71491,71169,69311,73518,75766,77787,79408,78831,77973,76923,73901,70743,67240,65581
2022-09-16,61665,59573,58136,57408,57592,58781,61421,65755,71310,73811,74765,74929,73287,77823,80211,81380,82374,80672,79217,78474,75439,72591,69165,67439
2022-09-17,63350,60908,59057,58070,57706,58318,59371,60472,62130,62403,63606,64136,63340,65746,67289,68261,69993,70334,71106,71108,69331,66901,64094,62491
2022-09-18,59027,56666,55044,54253,53974,54134,54405,55116,56238,56978,57660,57912,58958,61164,62990,64131,66395,68433,70248,70720,68985,66490,63482,60707
2022-09-19,57261,55081,53815,52920,53108,54880,58628,63921,71141,74697,75971,76189,72614,75128,76250,76920,78849,78439,77352,75430,71906,68660,65488,63391
2022-09-20,59371,57512,56360,55670,55755,57017,59520,62611,66028,67020,67413,67161,65023,67890,70024,71615,73548,73298,73057,72079,69330,66705,63901,62078
2022-09-21,58429,56672,55570,54990,55106,56256,58683,61511,64110,64590,64945,63659,61066,64357,66493,68634,71188,72071,71898,70769,68344,65880,63301,62013
2022-09-22,58323,56306,55380,54729,54941,56134,58554,61425,64454,64512,64133,63293,61342,65600,67923,69944,71704,71956,72184,71271,68647,66193,63509,61961
2022-09-23,58450,56566,55382,54822,54948,56235,58692,61539,64678,65369,65530,65589,63790,66317,67493,68106,70071,70036,69692,68875,66835,64775,62426,61091
2022-09-24,57526,55438,54082,53331,53324,53908,54570,54111,53058,51605,51306,50188,48766,50620,52773,55426,58028,59289,60746,61036,60207,58905,57166,56265
2022-09-25,53288,51296,49992,49442,49274,50005,50499,50570,50651,50529,50510,49874,49847,50616,51708,53190,55298,57231,59359,59920,59239,57761,56068,54531
2022-09-26,51743,50053,49204,48917,49501,51397,54609,59954,66017,67593,67200,66398,63454,66215,68497,69909,71400,71304,71247,70394,67810,65205,62702,61177
2022-09-27,57653,55957,54839,54304,54542,55847,58428,61780,64634,64460,63717,62572,60529,64160,66359,68761,72002,72987,73027,71701,68984,66454,63589,61940
2022-09-28,58239,56389,55216,54569,54781,55955,58595,61852,65849,66663,67177,67230,65370,68847,70407,71302,72806,72366,72174,71209,68748,66241,63521,61866
2022-09-29,58215,56252,55154,54585,54763,56052,58782,62413,66658,67142,65689,63225,60327,64230,66665,68799,71996,73018,72935,71644,69017,66410,63442,61854
2022-09-30,58139,56384,55363,54799,55037,56291,58719,61774,64741,64603,63928,63003,61118,64678,66776,68969,71600,71844,71184,69861,67680,65329,62728,61633
2022-10-01,57919,55804,54269,53576,53551,54064,54689,54600,53588,52141,52329,52158,51690,53711,55270,57030,59288,60388,61848,61538,60498,59090,57343,56290
2022-10-02,53473,51559,50218,49547,49335,49883,50558,50395,49883,49031,49027,49023,49562,51552,53273,54557,55897,57844,59834,59708,58974,57718,56402,55056
2022-10-03,52088,50429,49444,49004,49256,50378,51942,54409,58058,60165,61063,61544,61195,62551,63481,64431,65147,65567,66998,66649,65181,63176,61085,59409
2022-10-04,55996,54186,53166,52534,52674,54344,57500,63099,70060,72544,71894,70432,67210,69766,70220,70843,72272,71815,71605,69933,67252,64645,62225,60880
2022-10-05,57388,55602,54591,54034,54395,55729,58523,62262,65707,65594,64616,62861,59791,62328,63901,65588,68415,69859,70542,69208,67253,65254,62736,61333
2022-10-06,57736,55845,54714,54145,54412,55821,58658,62557,66136,65938,64783,63181,60828,65057,67958,69033,70763,70655,70785,69387,67235,65138,62753,61471
2022-10-07,57912,56072,54891,54387,54676,56075,58789,62634,65524,64482,63359,62201,59453,62062,63358,64832,67596,68654,68983,67729,66019,64386,62277,61152
2022-10-08,57701,55532,54344,53595,53586,54351,55316,55019,53799,51634,51251,50270,49454,52059,53235,54505,56536,57919,59871,59852,59157,58047,56843,56294
2022-10-09,53413,51315,50095,49461,49540,50230,50871,51460,52041,52267,52749,52564,52698,53526,53863,54616,55553,56530,58315,58013,57328,56300,55225,54561
2022-10-10,51793,49776,48779,48234,48461,49716,51436,52867,54108,53741,53760,53477,52192,54296,56033,57838,60110,61157,62681,62700,61737,60530,59142,58043
2022-10-11,54798,52816,51784,51548,52054,53797,56672,60453,63389,62313,60395,58302,55409,58274,60348,63072,67019,69272,70344,68969,67014,65229,63392,62347
2022-10-12,58688,56703,55526,55125,55446,57077,59911,62855,64695,62789,60762,58533,55702,58986,61184,63907,67539,69190,69872,68817,67075,65384,63444,62502
2022-10-13,58843,56670,55571,55059,55433,56856,59464,62176,64018,62452,61052,59182,56359,59275,61368,64136,68054,69540,70316,69012,66935,65123,63035,62173
2022-10-14,58415,56394,55359,54788,55216,56741,59408,62815,65771,64606,62244,60306,57551,60382,62243,64470,67763,68624,69004,67630,65979,64337,62514,61804
2022-10-15,58117,55779,54570,53764,53913,54730,55783,55672,54977,53030,51770,50084,48432,49996,51726,54805,57851,59108,60625,60141,59565,58481,57306,56634
2022-10-16,53557,51537,50518,49893,50004,50731,51529,51390,50639,49442,48980,47863,47895,49462,50961,52463,54704,57069,59248,59138,58668,57586,56389,55209
2022-10-17,52215,50428,49358,49035,49609,51695,55114,59468,63090,61650,59894,57821,55053,57860,59921,63045,67299,69248,70021,68636,66763,64812,62990,61975
2022-10-18,58292,56266,55311,54865,55393,57004,59988,62924,63894,62099,60483,58201,55272,58239,60515,63378,67749,69981,70701,69232,67259,65593,63777,62816
2022-10-19,59257,57160,56136,55663,56234,57898,60852,63673,64810,62976,61227,58947,56125,59149,61180,63883,67823,69517,70250,69081,67310,65663,63835,62934
2022-10-20,59284,57145,56175,55705,56266,57876,60716,63838,65141,63526,61760,59585,56525,59400,61470,64386,68526,70333,70976,69609,67654,65733,63937,62899
2022-10-21,58972,56834,55839,55373,55898,57524,60380,63480,65861,64752,64282,63863,61910,64984,66292,67408,69039,69210,69240,67911,66200,64538,63084,62093
2022-10-22,58474,56244,54792,54063,54205,55104,56324,56760,56237,53758,52551,50391,48590,50277,51544,53839,56925,58905,60433,60089,59635,58934,58031,57257
2022-10-23,53924,51670,50493,49854,49972,50838,51548,51293,49783,47689,46983,45575,44905,45633,46906,49435,53128,56343,58504,58411,58038,57165,56187,55023
2022-10-24,51980,50027,49167,48899,49668,51777,55479,59903,63187,62347,61012,59463,56764,59775,61885,64218,67823,69599,70139,68574,66607,64827,63139,62227
2022-10-25,58606,56408,55423,54940,55572,57274,60399,63477,65433,63960,62100,59857,56942,59786,62050,64568,68294,70067,70495,69059,67206,65404,63709,62733
2022-10-26,58981,56828,55810,55325,55908,57746,60893,64198,66021,64028,61871,60056,57684,62116,65071,67165,69370,69936,70052,68603,66895,65219,63593,62668
2022-10-27,58766,56610,55642,55221,55825,57410,60436,63918,65930,64265,62515,60291,57186,60257,62558,65439,69014,70384,70573,69002,67083,65300,63635,62402
2022-10-28,58620,56555,55444,55081,55657,57281,60247,63966,66831,65539,63144,60615,57551,60479,62522,64775,67988,68956,68704,67196,65527,64226,62735,61981
2022-10-29,58197,56032,54770,54081,54198,55109,56351,56619,55889,53286,52179,50824,49470,51578,52997,54859,57292,58734,59900,59541,59034,58320,57495,57232
2022-10-30,53928,51792,50541,50057,50188,51149,52035,51763,49945,47326,46530,45435,45212,46553,48090,50646,53996,56760,58605,58406,57973,57277,56111,55081
2022-10-31,52226,50196,49156,49038,49873,51973,55640,60182,63828,62882,61236,59552,57114,60702,63092,65313,68629,69698,69769,68145,66106,64498,62822,61602
2022-11-01,57826,55967,54907,54558,54981,56771,59751,63449,66471,65117,63575,60926,57955,61754,64284,66405,69449,69671,69729,68139,66502,64746,62784,62304
2022-11-02,58535,56524,55450,54993,55560,57305,60443,64150,67093,65570,62848,59867,56570,60089,62459,65310,69098,69282,69184,67755,66443,64905,63032,62514
2022-11-03,58823,56695,55561,55108,55666,57497,60714,64491,67711,66969,66080,64049,60941,64873,67454,69179,71242,70836,70526,69102,67249,65306,63400,63164
2022-11-04,59505,57348,56279,55954,56618,58331,61643,65423,67495,65112,63578,61112,57877,61307,63582,66530,70450,70733,70147,68352,67075,65700,64059,64136
2022-11-05,60554,58209,56846,56276,56532,57515,58988,59169,57196,53913,52697,50515,48319,49699,51169,53998,58080,60244,61328,60970,60600,59897,59219,59273
2022-11-06,56159,53822,52578,52068,52244,53061,53965,53672,50784,47480,46517,45118,44931,45819,47579,50625,54647,57866,59724,59675,59249,58659,57891,57221
2022-11-07,54257,52283,51289,51032,51894,54123,58042,63198,67829,66987,65930,63738,60141,63309,65404,67793,71020,70509,70300,68884,67441,65863,64041,63982
2022-11-08,60187,58008,56785,56397,56802,58661,62039,66036,68950,67159,65071,62312,59039,62567,64569,66015,69383,69806,69750,69136,67724,66182,64332,64148
2022-11-09,60429,58162,56901,56494,57020,58700,61924,66021,69824,68576,66261,63039,59688,63609,66118,67616,69966,69729,69293,68431,67340,65966,64369,64030
2022-11-10,60158,57889,56721,56385,57016,58629,61900,66116,69764,67999,65700,62744,59194,62816,64951,66501,69274,69419,69129,68668,67523,66034,64160,63768
2022-11-11,59940,57856,56508,55894,56605,58282,61544,65365,68670,67008,64736,62276,59410,62838,65127,67031,69415,68838,68318,67066,66211,64949,63155,63060
2022-11-12,59155,56874,55532,54817,54858,55793,57095,57559,57982,56071,54485,53526,52511,54727,56991,58523,59523,60148,60675,60440,59839,58930,58152,57990
2022-11-13,54729,52307,51034,50261,50480,51310,52416,52628,53207,53636,53792,53094,52845,53161,53654,54582,56538,59040,60054,59604,58999,58077,57380,56785
2022-11-14,53704,51572,50518,50346,51035,53156,57118,62384,68561,69945,69236,66784,63256,66699,67356,68540,71165,71115,70487,68949,67593,65548,63832,63667
2022-11-15,60179,57988,56874,56452,57055,58845,62385,66611,69882,68050,66265,64639,62194,66254,68312,69688,72431,72259,71384,69908,68379,66590,64620,64653
2022-11-16,60951,58673,57493,57185,57675,59196,62282,66421,70495,68972,66855,64500,60914,63697,65677,68172,71687,71658,70853,69569,68406,66891,65210,65134
2022-11-17,61313,59098,57822,57351,57947,59790,62872,66771,70478,68534,65978,63187,59621,63188,65678,68156,71619,71642,71343,69934,68589,66867,65088,65025
2022-11-18,61350,59171,57960,57628,58201,59821,63025,67049,70186,67708,65143,62240,58905,62089,64350,67091,70458,70253,69509,67985,67014,65631,64114,64332
2022-11-19,60674,58285,56918,56336,56513,57423,58870,59488,59187,56135,54894,52979,51189,52328,53522,55623,58587,60247,60856,60326,59982,59199,58657,58858
2022-11-20,55668,53161,51801,51245,51535,52450,53557,53769,53162,51492,50805,50033,49713,51004,51954,53624,56048,58770,60057,59923,59585,58747,58126,57564
2022-11-21,54635,52571,51441,51263,51976,54098,58119,63695,69011,68476,67097,65228,62464,66162,68450,69373,71811,71585,70900,69239,67741,65908,64115,64108
2022-11-22,60423,58164,56918,56443,56908,58596,61984,66806,72212,72592,71719,71263,69240,72326,73327,73371,74117,73008,71874,70040,68451,66394,64518,64687
2022-11-23,60823,58448,57235,56730,57252,59024,62366,66890,71774,70342,67382,64553,61731,64763,66482,68682,71710,71649,70801,69424,68463,66809,65142,65178
2022-11-24,61344,59017,57722,57063,57598,59405,62755,67454,72420,71987,69944,66766,61651,63953,66027,68711,71979,71935,71234,69780,68486,67337,65612,65949
2022-11-25,62320,59753,58373,57647,58200,60011,63083,67289,70886,69153,67049,64048,60500,64216,66306,68116,70409,70015,69166,67817,66965,65424,63830,64084
2022-11-26,60395,57875,56507,55708,55978,57050,58571,59524,59177,55619,54009,51892,49860,51349,53179,56286,59623,61322,61907,61510,61208,60613,60162,60652
2022-11-27,57500,55117,53726,53087,53412,54349,55529,55895,54099,50248,48938,46838,46154,48431,51821,54318,56834,59759,61147,60916,60395,59793,59282,58804
2022-11-28,55772,53643,52507,52056,52936,54956,59100,64898,71271,72111,72075,72111,69961,73022,73841,73906,74855,73280,71553,69679,68003,66187,64520,65212
2022-11-29,61716,58830,57262,56592,57001,58480,61481,66042,72282,74024,74160,72464,69236,71942,72835,74257,75720,75237,73886,72038,70188,68205,66618,67214
2022-11-30,63728,61603,60394,60206,60978,62835,66551,72423,79039,78960,77306,75104,71567,75541,78128,79523,82117,81382,79112,76840,74931,72652,70847,71207
2022-12-01,67600,65168,63772,63109,63592,65169,68718,74643,81412,81434,77989,74433,71057,75178,77887,80294,83052,82861,80393,78031,75676,73276,71310,71854
2022-12-02,68356,65990,64683,64008,64276,65896,69339,75014,80829,79596,77252,74037,69617,72654,74212,75615,78880,78352,77160,75521,74069,71983,70331,71222
2022-12-03,67989,65708,63886,62190,61719,62223,63436,64647,66149,66390,67442,66393,63674,64214,64392,64679,65815,66941,67325,66354,65387,64423,64053,64919
2022-12-04,62018,59600,58130,57354,57575,58401,59512,60008,59282,57759,58454,57829,57388,58499,60084,61784,64258,67058,67707,67343,66613,65514,64950,65208
2022-12-05,62511,60322,58807,58234,58930,61027,65451,72800,82120,83990,82244,78786,74056,76318,77466,80038,83918,83521,80957,78310,76016,73467,71397,72085
2022-12-06,68959,66606,65439,64863,65489,66792,70016,75672,83328,84058,82664,80235,76006,78522,79766,81086,83318,82394,80005,77522,75355,72962,70840,71132
2022-12-07,67842,65378,63940,63180,63583,65204,68702,74864,82135,81604,78953,75875,72020,75235,77297,78637,81153,80146,78027,75977,74135,71988,70307,71139
2022-12-08,67713,65375,63961,63418,63984,65621,69377,75081,81462,80101,77291,73915,69273,72127,74298,77351,80340,79986,78254,76181,74247,72275,70414,71135
2022-12-09,67532,64993,63522,62871,63402,65055,68388,73836,81231,82223,80608,77585,72478,74673,75822,76640,78243,77585,75866,73952,72589,70712,69284,70268
2022-12-10,67035,64512,62932,61970,62068,62873,64184,65678,66850,65745,65248,64486,63385,65131,66070,66276,66837,67446,67391,66577,65883,64727,64433,65426
2022-12-11,62666,60224,58721,57868,58064,58817,59729,60274,59419,56161,54478,52424,51343,52146,53830,57210,61227,64732,65907,65850,65403,64778,64400,64592
2022-12-12,61686,59480,58192,57877,58726,60901,65269,72134,80706,81118,80063,78866,76949,80527,81874,82681,83311,81346,78773,76546,74075,71702,69840,70563
2022-12-13,67048,64584,63148,62561,62956,64671,68508,74239,81841,82477,81127,79636,76690,80958,83337,84109,85195,83335,80890,78541,76415,74256,72573,73586
2022-12-14,70430,68070,66822,66237,66790,68669,72642,79181,87915,90128,89490,86924,81968,84470,85738,87016,89023,87769,84744,82145,79794,77231,75142,75723
2022-12-15,72440,69845,68441,67866,68125,69576,73095,79294,87664,88874,87746,85332,81025,83684,85139,86728,88043,86155,83293,80762,78461,75712,73745,74674
2022-12-16,71270,68945,67558,67034,67421,68977,72730,79238,87540,89583,88698,86532,81693,84176,85550,86415,87605,85804,82636,80114,78390,75802,73919,74831
2022-12-17,71489,68995,67432,66336,66373,67012,68484,70002,72860,73495,73761,72514,69938,70551,70697,71656,73149,74303,74287,73409,72304,70932,70655,71979
2022-12-18,69388,66943,65238,64151,64047,64655,65513,66260,66608,65667,65831,64801,63850,64008,64663,66506,69581,72827,73852,73320,72172,70755,70334,70793
2022-12-19,68440,66394,65052,64314,64433,66404,70757,78559,88555,91287,90738,88817,84367,86698,88118,89694,91710,90178,86735,83536,80684,77867,75701,76514
2022-12-20,73211,71054,69589,68877,69326,70917,74682,81411,89640,90571,88447,84994,79984,82066,83715,85731,88470,87745,85111,82239,79841,77122,75068,75533
2022-12-21,71796,69246,67584,66823,67085,68743,72271,78208,87281,91688,92698,91846,88084,90009,89653,88806,88582,86035,83409,80666,78503,76153,74355,75061
2022-12-22,71784,69389,67937,67272,67751,69557,73479,79959,89092,92057,92221,90886,87060,89773,90824,91793,92999,90947,87878,84810,82204,79503,77331,78285
2022-12-23,75118,72515,71093,70139,70321,71835,75399,81507,90692,94230,94509,93058,89498,91672,92380,92451,92712,89877,86250,83350,81088,78457,76590,77525
2022-12-24,74434,71959,70139,69150,68867,69411,70620,72168,74523,74780,75010,73484,70720,70062,69708,70540,72598,74331,74672,73648,72564,71316,71125,72569
2022-12-25,69937,67459,65681,64622,64425,64901,65451,66074,66038,64261,63460,61701,60365,59826,60120,62543,66316,69844,71213,70947,70326,69611,69388,69820
2022-12-26,67335,65111,63624,62943,63585,65437,69907,77625,87439,89935,89643,87950,84199,86117,86615,86946,88564,87635,84886,82297,79944,77346,75119,76132
2022-12-27,72877,70447,69109,68404,68595,70221,74068,80656,88939,89282,86916,83461,78310,80527,81912,83841,86932,86293,83992,81383,78954,76707,74789,75690
2022-12-28,72194,69662,68202,67248,67314,68857,72366,78593,87231,88939,86711,82911,78282,80761,82178,83821,86597,85708,83230,80764,78771,76532,74738,75514
2022-12-29,72264,69832,68351,67589,67860,69475,72950,79207,86768,86596,84063,80984,76569,78931,80329,82381,85033,84280,81977,79555,77532,75247,73453,74209
2022-12-30,71147,68454,66821,65939,66138,67425,70656,75861,83057,83307,80779,77706,73794,75095,75449,76046,77368,76969,75675,74092,73147,71419,70038,71345
2022-12-31,68466,65855,64264,63306,63047,63597,64732,65674,66414,64342,63128,61293,59416,59263,59640,61258,64499,67117,67909,67392,66648,65914,65739,67067
